PK,NOMBRE,DESCRIPCION-ENTIDAD,HORARIO,ACCESIBILIDAD,CONTENT-URL,NOMBRE-VIA,CLASE-VIAL,TIPO-NUM,NUM,LOCALIDAD,PROVINCIA,CODIGO-POSTAL,COD-BARRIO,BARRIO,COD-DISTRITO,DISTRITO,distrito_wikidata,COORDENADA-X,COORDENADA-Y,LATITUD,LONGITUD
5989871,Auditorio Carmen Laforet (Ciudad Lineal),Ubicado en el Centro de Mayores Carmen Laforet,"De lunes a sábado, de 9 a 21 horas.",1,http://www.madrid.es/sites/v/index.jsp?vgnextchannel=bfa48ab43d6bb410VgnVCM100000171f5a0aRCRD&vgnextoid=fca22248514ae210VgnVCM1000000b205a0aRCRD,JAZMIN,CALLE,V,46,MADRID,MADRID,28033,9,COSTILLARES,15,Ciudad Lineal,https://wikidata.org/entity/Q1763694,443573,4481211,40.47967249471556,-3.6657243894913565
2389,Auditorio al aire libre. Parque del Calero,Not informed Value,Not informed Value,1,http://www.madrid.es/sites/v/index.jsp?vgnextchannel=bfa48ab43d6bb410VgnVCM100000171f5a0aRCRD&vgnextoid=c6237b503a71c010VgnVCM1000000b205a0aRCRD,JOSE DEL HIERRO,CALLE,V,3,MADRID,MADRID,28027,4,CONCEPCION,15,Ciudad Lineal,https://wikidata.org/entity/Q1763694,444836,4476387,40.43629956289038,-3.6504096146979457
139451,Auditorio y sala de exposiciones Paco de Lucía (Latina),Not informed Value,Cerrado durante todo el mes de agosto.,1,http://www.madrid.es/sites/v/index.jsp?vgnextchannel=bfa48ab43d6bb410VgnVCM100000171f5a0aRCRD&vgnextoid=6089ba61e681c010VgnVCM1000000b205a0aRCRD,LAS AGUILAS,AVENIDA,V,2,MADRID,MADRID,28044,7,LAS AGUILAS,10,Latina,https://wikidata.org/entity/Q794954,435135,4470763,40.38493929920335,-3.7641963952601154
84763,Centro Comunitario Casino de la Reina,Not informed Value,"De apertura   De lunes a viernes, de 8:30 a 21:30 horas Sábados, de 10 a 15 horas y de 16 a 21:30 horas Domingos cerrado.   De atención de los Trabajadores Sociales Comunitarios (no es necesaria cita previa)   Lunes a jueves, de 9 a 19 horas Viernes, de 9 a 14 horas Julio y agosto, de 9 a 15 horas.",1,http://www.madrid.es/sites/v/index.jsp?vgnextchannel=bfa48ab43d6bb410VgnVCM100000171f5a0aRCRD&vgnextoid=326f38d60b41c010VgnVCM2000000c205a0aRCRD,CASINO,CALLE,V,3,MADRID,MADRID,28005,2,EMBAJADORES,1,Centro,https://wikidata.org/entity/Q1763376,440206,4473149,40.40681802964019,-3.704690072394306
1914,Centro Cultural - Centro Socio Cultural Villa de Barajas,Not informed Value,"De lunes a viernes, de 9 a 14 y de 15 a 17 horas.   En el mes de agosto los dos centros permanecen cerrados.   Fuera de este horario el centro permanecerá abierto durante la celebración de las actividades que se programen.","1,5,6",http://www.madrid.es/sites/v/index.jsp?vgnextchannel=bfa48ab43d6bb410VgnVCM100000171f5a0aRCRD&vgnextoid=476c1e79ee71c010VgnVCM1000000b205a0aRCRD,BOTICA,CALLE,V,7,MADRID,MADRID,28042,3,CASCO H.BARAJAS,21,Barajas,https://wikidata.org/entity/Q807230,450962,4480446,40.47324881250678,-3.5784908616003723
117288,Centro Cultural Agustín Díaz (Moncloa - Aravaca),Not informed Value,"De lunes a viernes, de 9 a 14 horas. Miércoles y jueves de 15 a 17 horas.  Verano. De lunes a viernes de 9 a 14 horas. Semana de San Isidro. De lunes a viernes de 9 a 14 horas.  Fuera de este horario el centro permanecerá abierto durante la celebración de las actividades que se programen.",1,http://www.madrid.es/sites/v/index.jsp?vgnextchannel=bfa48ab43d6bb410VgnVCM100000171f5a0aRCRD&vgnextoid=2d07cbf06c81c010VgnVCM1000000b205a0aRCRD,COMANDANTE FORTEA,PASEO,V,42,MADRID,MADRID,28008,1,CASA DE CAMPO,9,Moncloa-Aravaca,https://wikidata.org/entity/Q2017682,437873,4475469,40.427538776051804,-3.732422725110936
118067,Centro Cultural Alfredo Kraus (Fuencarral - El Pardo),Not informed Value,Centro: de lunes a viernes de 9 a 14 y de 16 a 21.30 h   Secretaría: de lunes a jueves de 9:30  a 14 y de 16:30 a 18. Viernes de 9:30 a 13:30 h.,1,http://www.madrid.es/sites/v/index.jsp?vgnextchannel=bfa48ab43d6bb410VgnVCM100000171f5a0aRCRD&vgnextoid=7337cbf06c81c010VgnVCM1000000b205a0aRCRD,PRADERA DE VAQUERIZAS,GLORIETA,V,9,MADRID,MADRID,28035,7,MIRASIERRA,8,Fuencarral-El Pardo,https://wikidata.org/entity/Q656196,438848,4482487,40.49082275610172,-3.7216054330053647
1942,Centro Cultural Antonio Machado (San Blas - Canillejas),Not informed Value,"De lunes a viernes, de 10 a 13:30 y de 17 a 18:30 horas.   Julio, de lunes a viernes de 10 a 13:30 horas.   Agosto, secretaría cerrada.   Fuera de este horario el centro permanecerá abierto durante la celebración de las actividades que se programen.",1,http://www.madrid.es/sites/v/index.jsp?vgnextchannel=bfa48ab43d6bb410VgnVCM100000171f5a0aRCRD&vgnextoid=cce43d0b5e71c010VgnVCM1000000b205a0aRCRD,SAN ROMAN DEL VALLE,CALLE,V,8,MADRID,MADRID,28037,4,ARCOS,20,San Blas-Canillejas,https://wikidata.org/entity/Q2001937,447255,4474591,40.420280457570335,-3.621730741880216
52511,Centro Cultural Auditorio Parque El Paraíso (San Blas - Canillejas),Not informed Value,Not informed Value,1,http://www.madrid.es/sites/v/index.jsp?vgnextchannel=bfa48ab43d6bb410VgnVCM100000171f5a0aRCRD&vgnextoid=a395946be351c010VgnVCM2000000c205a0aRCRD,ARCENTALES,AVENIDA,V,4,MADRID,MADRID,28037,2,HELLIN,20,San Blas-Canillejas,https://wikidata.org/entity/Q2001937,447225,4475668,40.42996840999023,-3.622184001035289
64851,Centro Cultural Buenavista (Salamanca),Not informed Value,"De lunes a jueves, 9 a 14 horas y de 16 a 18 horas. Viernes, de 9 a 14 horas. Verano: de lunes a viernes, de 9 a 14 horas. Agosto: secretaría cerrada. Septiembre, de lunes a jueves, de 9 a 14 horas.  Fuera de este horario el centro permanecerá abierto durante la celebración de las actividades que se programen.",2,http://www.madrid.es/sites/v/index.jsp?vgnextchannel=bfa48ab43d6bb410VgnVCM100000171f5a0aRCRD&vgnextoid=068e598d1351c010VgnVCM1000000b205a0aRCRD,TOREROS,AVENIDA,V,5,MADRID,MADRID,28028,4,GUINDALERA,4,Salamanca,https://wikidata.org/entity/Q1773521,443092,4475923,40.43200210571468,-3.6709293330780204
1943,Centro Cultural Buero Vallejo (San Blas - Canillejas),Not informed Value,"De lunes a viernes, de 9:30 a 13:30 y de 16:30 a 18 horas.   Agosto cerrado.   Fuera de este horario el centro permanecerá abierto durante la celebración de las actividades que se programen.",1,http://www.madrid.es/sites/v/index.jsp?vgnextchannel=bfa48ab43d6bb410VgnVCM100000171f5a0aRCRD&vgnextoid=98953d0b5e71c010VgnVCM1000000b205a0aRCRD,BOLTAÑA,CALLE,V,27,MADRID,MADRID,28022,7,CANILLEJAS,20,San Blas-Canillejas,https://wikidata.org/entity/Q2001937,448023,4477305,40.44477474902185,-3.6129105844633775
118317,Centro Cultural Carril del Conde (Hortaleza),Not informed Value,"De lunes a viernes, de 9 a 14 horas y de 17 a 19 horas. Verano y semana de San Isidro, de 9 a 14 horas.  Fuera de este horario el centro permanecerá abierto durante la celebración de las actividades que se programen.",1,http://www.madrid.es/sites/v/index.jsp?vgnextchannel=bfa48ab43d6bb410VgnVCM100000171f5a0aRCRD&vgnextoid=66a7cbf06c81c010VgnVCM1000000b205a0aRCRD,CARRIL DEL CONDE,CALLE,V,57,MADRID,MADRID,28043,3,CANILLAS,16,Hortaleza,https://wikidata.org/entity/Q1928529,444516,4479119,40.46088953531134,-3.6544210187969433
1945,Centro Cultural Casa de Vacas (Retiro),Not informed Value,De 10 a 21 horas.,1,http://www.madrid.es/sites/v/index.jsp?vgnextchannel=bfa48ab43d6bb410VgnVCM100000171f5a0aRCRD&vgnextoid=35e53d0b5e71c010VgnVCM1000000b205a0aRCRD,COLOMBIA,PASEO,V,1,MADRID,MADRID,28009,5,LOS JERONIMOS,3,Retiro,https://wikidata.org/entity/Q2002296,441967,4474495,40.41906024374356,-3.6840615387926956
1925,Centro Cultural Casa del Reloj (Arganzuela),Not informed Value,"De lunes a viernes, de 10 a 13 y de 17 a 19 horas.   Verano y semana de San Isidro: de lunes a viernes, de 9 a 14 horas.   Agosto cerrado.    Fuera de este horario el centro permanecerá abierto durante la celebración de las actividades que se programen.",1,http://www.madrid.es/sites/v/index.jsp?vgnextchannel=bfa48ab43d6bb410VgnVCM100000171f5a0aRCRD&vgnextoid=8b063d0b5e71c010VgnVCM1000000b205a0aRCRD,CHOPERA,PASEO,V,6,MADRID,MADRID,28045,3,CHOPERA,2,Arganzuela,https://wikidata.org/entity/Q2000929,440559,4471798,40.39466755008527,-3.700396761468562
4551096,Centro Cultural Ciudad Pegaso (San Blas - Canillejas),Not informed Value,"De lunes a jueves, de 10 a 12 horas y de 16:30 a 19 horas. Viernes, de 10 a 12 horas y de 16:30 a 18 horas.    Fuera de este horario el centro permanecerá abierto durante la celebración de las actividades que se programen.",1,http://www.madrid.es/sites/v/index.jsp?vgnextchannel=bfa48ab43d6bb410VgnVCM100000171f5a0aRCRD&vgnextoid=07f63190712b1110VgnVCM1000000b205a0aRCRD,SEPTIMA,AVENIDA,V,11,MADRID,MADRID,28022,6,REJAS,20,San Blas-Canillejas,https://wikidata.org/entity/Q2001937,449281,4477704,40.44844757572015,-3.598099871155595
11876732,Centro Cultural Clara del Rey - Museo ABC (Centro),Not informed Value,"De enero a junio y de octubre a diciembre:   Lunes a jueves, de 9 a 15 y de 16 a 18 horas. Viernes, de 9 a 15 horas.   Julio y septiembre y Semana de San Isidro:   Lunes a viernes, de 9 a 14 horas. Sábados, cerrado.   Agosto cerrado.  Fuera de este horario el centro permanecerá abierto durante la celebración de las actividades que se programen.",1,http://www.madrid.es/sites/v/index.jsp?vgnextchannel=bfa48ab43d6bb410VgnVCM100000171f5a0aRCRD&vgnextoid=b8afb908d1825810VgnVCM1000001d4a900aRCRD,AMANIEL,CALLE,V,29,MADRID,MADRID,28015,5,UNIVERSIDAD,1,Centro,https://wikidata.org/entity/Q1763376,439813,4475439,40.42741340671151,-3.7095381101739444
80143,Centro Cultural Dotacional Integrado Arganzuela,Not informed Value,"De lunes a viernes, de 10 a 13 y de 17 a 18:30 horas.   Verano, de lunes a viernes, de 10 a 14 horas.   Fuera de este horario el centro permanecerá abierto durante la celebración de las actividades que se programen.",1,http://www.madrid.es/sites/v/index.jsp?vgnextchannel=bfa48ab43d6bb410VgnVCM100000171f5a0aRCRD&vgnextoid=f9ea79262ef5d010VgnVCM1000000b205a0aRCRD,CANARIAS,CALLE,V,17,MADRID,MADRID,28045,6,PALOS DE LA FRONTERA,2,Arganzuela,https://wikidata.org/entity/Q2000929,440986,4472656,40.40242416544921,-3.6954440062549017
5498725,Centro Cultural Eduardo Úrculo (Tetuán),Not informed Value,"Secretaría:   De lunes a jueves, de 9:30 a 13:30 y de 16:30 a 18 horas. Viernes, de 9:30 a 13:30 horas. Julio, solo mañanas. Agosto cerrado.   Fuera de este horario el centro permanecerá abierto durante la celebración de las actividades que se programen.","1,6",http://www.madrid.es/sites/v/index.jsp?vgnextchannel=bfa48ab43d6bb410VgnVCM100000171f5a0aRCRD&vgnextoid=f8f9338588355210VgnVCM1000000b205a0aRCRD,DONOSO,PLAZA,V,5,MADRID,MADRID,28029,4,ALMENARA,6,Tetuán,https://wikidata.org/entity/Q1773540,440862,4480048,40.46900764611639,-3.697595691925329
11979985,Centro Cultural El Plantío (Moncloa - Aravaca),Not informed Value,"De lunes a viernes, de 9 a 21 horas, excepto festivos, julio, agosto y septiembre.  Sábados, de 9 a 15 horas, excepto festivos, julio, agosto y septiembre.  Fuera de este horario el centro permanecerá abierto durante la celebración de las actividades que se programen.",1,http://www.madrid.es/sites/v/index.jsp?vgnextchannel=bfa48ab43d6bb410VgnVCM100000171f5a0aRCRD&vgnextoid=45ef9eebdd647810VgnVCM2000001f4a900aRCRD,JOSE LOMBANA IGLESIAS,CALLE,V,4,MADRID,MADRID,28023,6,EL PLANTIO,9,Moncloa-Aravaca,https://wikidata.org/entity/Q2017682,430105,4480358,40.47096731070447,-3.8245164150407103
1939,Centro Cultural El Pozo del tío Raimundo (Puente de Vallecas),Not informed Value,"De lunes a viernes, de 9 a 13:45 y de 17 a 18:45 horas. Julio, de lunes a viernes de 9 a 14 horas. Agosto cerrado.  Fuera de este horario el centro permanecerá abierto durante la celebración de las actividades que se programen.",1,http://www.madrid.es/sites/v/index.jsp?vgnextchannel=bfa48ab43d6bb410VgnVCM100000171f5a0aRCRD&vgnextoid=add63d0b5e71c010VgnVCM1000000b205a0aRCRD,GLORIETAS,AVENIDA,V,19,MADRID,MADRID,28053,1,ENTREVIAS,13,Puente de Vallecas,https://wikidata.org/entity/Q2003054,443976,4469457,40.37381624358889,-3.6599325731670977
11848432,Centro Cultural Emilia Pardo Bazán (Salamanca),Not informed Value,"De lunes a viernes, de 9 a 21 horas, ininterrumpidamente. A partir de octubre, sábados y domingos, de 9 a 21 horas, ininterrrumpidamente. Festivos cerrado.",1,http://www.madrid.es/sites/v/index.jsp?vgnextchannel=bfa48ab43d6bb410VgnVCM100000171f5a0aRCRD&vgnextoid=dc8d531521b74810VgnVCM1000001d4a900aRCRD,GOYA,CALLE,V,1,MADRID,MADRID,28001,1,RECOLETOS,4,Salamanca,https://wikidata.org/entity/Q1773521,441502,4475253,40.42585800515975,-3.689601594290468
1931,Centro Cultural Federico Chueca (Hortaleza),Not informed Value,"De lunes a viernes, de 9 a 14 y de 17 a 19 horas. Julio y agosto, cerrado. Semana de San Isidro, de lunes a viernes de 9 a 14 horas.  Fuera de este horario el centro permanecerá abierto durante la celebración de las actividades que se programen.",1,http://www.madrid.es/sites/v/index.jsp?vgnextchannel=bfa48ab43d6bb410VgnVCM100000171f5a0aRCRD&vgnextoid=90573d0b5e71c010VgnVCM1000000b205a0aRCRD,BENITA AVILA,CALLE,V,17,MADRID,MADRID,28043,3,CANILLAS,16,Hortaleza,https://wikidata.org/entity/Q1928529,444847,4479572,40.46498334634005,-3.650568266584691
4703628,Centro Cultural Fernando Lázaro Carreter (Carabanchel),Not informed Value,"De lunes a jueves, de 10 a 13 y de 16:30 a 18 horas. viernes, de 10 a 13 horas. Julio, de lunes a viernes, de 10 a 13 horas.  Agosto y festivos, cerrado.   Fuera de este horario el centro permanecerá abierto durante la celebración de las actividades que se programen.",1,http://www.madrid.es/sites/v/index.jsp?vgnextchannel=bfa48ab43d6bb410VgnVCM100000171f5a0aRCRD&vgnextoid=340ed2d6fe9a6110VgnVCM1000000b205a0aRCRD,VERDAD,CALLE,V,29,MADRID,MADRID,28019,2,OPAÑEL,11,Carabanchel,https://wikidata.org/entity/Q1001991,439136,4471474,40.39164343238081,-3.717140510927299
1954,Centro Cultural Fernando de los Ríos (Latina),Información general en el teléfono: 91 719 89 93. Correo electrónico: ccfrios@madrid.es  Información sobre cursos y talleres en los siguientes enlaces:   Plataforma cursos y talleres Ayuntamiento de Madrid.  Trámites cursos y talleres Ayuntamiento de Madrid.,"Horario de verano: durante los meses de julio, agosto y septiembre, de 9 a 21 horas. Cerrado sábados y domingos.   Horarios de apertura:  Lunes a Viernes de 9 a 21:30 horas. Sábados de 9 a 13:30 horas y de 16 a 20:30 horas  Horarios de atención al público:  Lunes a Jueves: de 8:30 a 14 horas y de 16 a 18:30 h. Viernes de 8:30 a 14:30 horas.",1,http://www.madrid.es/sites/v/index.jsp?vgnextchannel=bfa48ab43d6bb410VgnVCM100000171f5a0aRCRD&vgnextoid=3d973d0b5e71c010VgnVCM1000000b205a0aRCRD,CAMARENA,CALLE,V,10,MADRID,MADRID,28047,4,ALUCHE,10,Latina,https://wikidata.org/entity/Q794954,435819,4471933,40.39552931214334,-3.7562667464373223
1944,Centro Cultural Francisco Fatou (Villa de Vallecas),Not informed Value,"Lunes a viernes, de 9 a 14 y de 16 a 20:30 horas.  Agosto, lunes a viernes, de 9 a 14 horas.  Fuera de este horario el centro permanecerá abierto durante la celebración de las actividades que se programen.",1,http://www.madrid.es/sites/v/index.jsp?vgnextchannel=bfa48ab43d6bb410VgnVCM100000171f5a0aRCRD&vgnextoid=d9e73d0b5e71c010VgnVCM1000000b205a0aRCRD,MANUEL VELEZ,CALLE,V,10,MADRID,MADRID,28031,1,CASCO H.VALLECAS,18,Villa de Vallecas,https://wikidata.org/entity/Q1947988,447107,4470075,40.379584618162156,-3.623110349262379
1921,Centro Cultural Galileo (Chamberí),Not informed Value,"Lunes a domingo, de 8 a 21 horas. Abierto todos los días, excepto 1 y 6 enero, 1 y 2 mayo, 15 agosto, 12 octubre y 25 diciembre.  Fuera de este horario el centro permanecerá abierto durante la celebración de las actividades que se programen.",1,http://www.madrid.es/sites/v/index.jsp?vgnextchannel=bfa48ab43d6bb410VgnVCM100000171f5a0aRCRD&vgnextoid=30181e79ee71c010VgnVCM1000000b205a0aRCRD,GALILEO,CALLE,V,39,MADRID,MADRID,28015,2,ARAPILES,7,Chamberí,https://wikidata.org/entity/Q1763370,439741,4476139,40.43371190964793,-3.7104543597957758
70243,Centro Cultural Gloria Fuertes (Barajas),Not informed Value,"De lunes a viernes, de 9 a 14 y de 15 a 17 horas.    Fuera de este horario el centro permanecerá abierto durante la celebración de las actividades que se programen.",1,http://www.madrid.es/sites/v/index.jsp?vgnextchannel=bfa48ab43d6bb410VgnVCM100000171f5a0aRCRD&vgnextoid=2e5068540e41c010VgnVCM2000000c205a0aRCRD,LOGRO&amp;Ntilde;O,AVENIDA,V,179,MADRID,MADRID,28042,5,CORRALEJOS,21,Barajas,https://wikidata.org/entity/Q807230,449666,4479054,40.4606308732073,-3.59366944150524
1930,Centro Cultural Hortaleza,Not informed Value,"De lunes a viernes, de 9 a 14 horas y de 17 a 19 horas. Julio y agosto y semana de San Isidro, de lunes a viernes, de 9 a 14 horas.  Fuera de este horario el centro permanecerá abierto durante la celebración de las actividades que se programen.",1,http://www.madrid.es/sites/v/index.jsp?vgnextchannel=bfa48ab43d6bb410VgnVCM100000171f5a0aRCRD&vgnextoid=86381e79ee71c010VgnVCM1000000b205a0aRCRD,SANTA VIRGILIA,CALLE,V,15,MADRID,MADRID,28033,4,PINAR DEL REY,16,Hortaleza,https://wikidata.org/entity/Q1928529,445579,4480884,40.476859845869534,-3.6420353342333227
1929,Centro Cultural Huerta de la Salud (Hortaleza),Not informed Value,"El centro permanecerá abierto durante la celebración de las actividades que se programen.  Silo de Hortaleza (Sala de exposiciones): de lunes a sábado, de 10 a 14 y de 17 a 21 horas.",1,http://www.madrid.es/sites/v/index.jsp?vgnextchannel=bfa48ab43d6bb410VgnVCM100000171f5a0aRCRD&vgnextoid=dc581e79ee71c010VgnVCM1000000b205a0aRCRD,MAR DE LAS ANTILLAS,CALLE,V,8,MADRID,MADRID,28033,4,PINAR DEL REY,16,Hortaleza,https://wikidata.org/entity/Q1928529,445279,4480662,40.47484735634347,-3.645543866498554
6017747,Centro Cultural José Luis López Vázquez (San Blas - Canillejas),Not informed Value,"De lunes a jueves, de 9 a 14 y de 15 a 18 horas. Viernes, de 9 a 14 horas.  Fuera de este horario el centro permanecerá abierto durante la celebración de las actividades que se programen.",2,http://www.madrid.es/sites/v/index.jsp?vgnextchannel=bfa48ab43d6bb410VgnVCM100000171f5a0aRCRD&vgnextoid=b790e37de110f210VgnVCM1000000b205a0aRCRD,FEBRERO,CALLE,V,4,MADRID,MADRID,28022,6,REJAS,20,San Blas-Canillejas,https://wikidata.org/entity/Q2001937,451431,4477510,40.446826729909155,-3.5727382893523254
142944,Centro Cultural José Luis Sampedro (Latina),Información general en el teléfono: 91 526 78 20. Correo electrónico: cclucero@madrid.es  Información sobre cursos y talleres en los siguientes enlaces:   Plataforma cursos y talleres Ayuntamiento de Madrid.  Trámites cursos y talleres Ayuntamiento de Madrid.,"Horario de verano:    Cerrado del 1 al 27 de agosto.   Julio, agosto y septiembre, de 9 a 21 horas. Cerrado sábados y domingos.   Horarios de apertura y atención al público:  Lunes a Viernes de 9 a 21:30 horas. Sábados de 9 a 13:30 horas.",1,http://www.madrid.es/sites/v/index.jsp?vgnextchannel=bfa48ab43d6bb410VgnVCM100000171f5a0aRCRD&vgnextoid=bd3fba61e681c010VgnVCM1000000b205a0aRCRD,CASTROSERNA,CALLE,V,4,MADRID,MADRID,28047,3,LUCERO,10,Latina,https://wikidata.org/entity/Q794954,436432,4472601,40.40159394334669,-3.749110841406562
1919,Centro Cultural Juan Genovés (Moncloa - Aravaca),Not informed Value,De lunes a viernes de 9 a 15 y de 15:30 a 21:30 horas.   Fuera de este horario el centro permanecerá abierto durante la celebración de las actividades que se programen.,1,http://www.madrid.es/sites/v/index.jsp?vgnextchannel=bfa48ab43d6bb410VgnVCM100000171f5a0aRCRD&vgnextoid=13153d0b5e71c010VgnVCM1000000b205a0aRCRD,CA&amp;Ntilde;O,TRAVESIA,V,5,MADRID,MADRID,28023,7,ARAVACA,9,Moncloa-Aravaca,https://wikidata.org/entity/Q2017682,433347,4478963,40.45866721398762,-3.786129575145957
1913,Centro Cultural Juan Gris (Moncloa - Aravaca),Not informed Value,"Lunes, martes y miércoles, de 10 a 13:30 horas. Lunes y martes, de 16 a 17:30 horas.  Semana San Isidro: de lunes de viernes, de 10 a 13:30 horas.  Agosto cerrado.  Fuera de este horario el centro permanecerá abierto durante la celebración de las actividades que se programen.",0,http://www.madrid.es/sites/v/index.jsp?vgnextchannel=bfa48ab43d6bb410VgnVCM100000171f5a0aRCRD&vgnextoid=79a81e79ee71c010VgnVCM1000000b205a0aRCRD,FRANCOS RODRíGUEZ,CALLE,V,100,MADRID,MADRID,28039,4,VALDEZARZA,9,Moncloa-Aravaca,https://wikidata.org/entity/Q2017682,439610,4478821,40.457862962907384,-3.71225373746578
1911,Centro Cultural Julio Cortázar (Moncloa - Aravaca),Not informed Value,"Lunes a viernes, de 9:30 a 13:30. Lunes a jueves de 17 a 19 horas.     Julio: Lunes a viernes de 9:30 a 13:30 y lunes a jueves de 17 a 18 horas.     Agosto: Lunes a viernes de 9:30 a 13:30.     Fuera de este horario el centro permanecerá abierto durante la celebración de las actividades que se programen.",1,http://www.madrid.es/sites/v/index.jsp?vgnextchannel=bfa48ab43d6bb410VgnVCM100000171f5a0aRCRD&vgnextoid=cfc81e79ee71c010VgnVCM1000000b205a0aRCRD,ANTONIO MACHADO,CALLE,V,20,MADRID,MADRID,28035,4,VALDEZARZA,9,Moncloa-Aravaca,https://wikidata.org/entity/Q2017682,438998,4479816,40.46678159096302,-3.7195669111891703
1917,Centro Cultural La Vaguada (Fuencarral - El Pardo),Not informed Value,Secretaría: de lunes a jueves de 9 a 14 y de 16 a 19 horas.,1,http://www.madrid.es/sites/v/index.jsp?vgnextchannel=bfa48ab43d6bb410VgnVCM100000171f5a0aRCRD&vgnextoid=09691e79ee71c010VgnVCM1000000b205a0aRCRD,MONFORTE DE LEMOS,AVENIDA,V,38,MADRID,MADRID,28029,4,EL PILAR,8,Fuencarral-El Pardo,https://wikidata.org/entity/Q656196,439894,4481167,40.47900813206291,-3.709138377702435
4606802,Centro Cultural Las Californias (Retiro),Not informed Value,De 9 a 14 horas.   Fuera de este horario el centro permanecerá abierto durante la celebración de las actividades que se programen.,1,http://www.madrid.es/sites/v/index.jsp?vgnextchannel=bfa48ab43d6bb410VgnVCM100000171f5a0aRCRD&vgnextoid=a6c875993dc63110VgnVCM1000000b205a0aRCRD,LUIS PEIDRO,CALLE,V,2,MADRID,MADRID,28007,2,ADELFAS,3,Retiro,https://wikidata.org/entity/Q2002296,442812,4472042,40.397021560779024,-3.6738766514153163
1918,Centro Cultural Lavapiés (Centro),Not informed Value,"De lunes a jueves, de 9 a 14 y de 16 a 18 horas. Viernes, de 9 a 14 horas.   Julio y septiembre, de 9 a 14 horas.   Agosto cerrado.   Fuera de este horario el centro permanecerá abierto durante la celebración de las actividades que se programen.",1,http://www.madrid.es/sites/v/index.jsp?vgnextchannel=bfa48ab43d6bb410VgnVCM100000171f5a0aRCRD&vgnextoid=5f891e79ee71c010VgnVCM1000000b205a0aRCRD,OLIVAR,CALLE,V,46,MADRID,MADRID,28012,2,EMBAJADORES,1,Centro,https://wikidata.org/entity/Q1763376,440474,4473465,40.40967898937472,-3.7015569791252063
1938,Centro Cultural Lope de Vega (Puente de Vallecas),Not informed Value,"Lunes a viernes, de 9 a 13:45 horas y de 17 a 18:45 horas. Verano, de lunes a viernes de 8:30 a 14 horas.   Fuera de este horario el centro permanecerá abierto durante la celebración de las actividades que se programen.",1,http://www.madrid.es/sites/v/index.jsp?vgnextchannel=bfa48ab43d6bb410VgnVCM100000171f5a0aRCRD&vgnextoid=4a273d0b5e71c010VgnVCM1000000b205a0aRCRD,CONCEJO DE TEVERGA,CALLE,V,1,MADRID,MADRID,28053,1,ENTREVIAS,13,Puente de Vallecas,https://wikidata.org/entity/Q2003054,442974,4470850,40.386296991431074,-3.671858416387963
1973,Centro Cultural Los Rosales (Villaverde),Not informed Value,El horario del Centro Cultural Los Rosales es de 8:00 a 22:00 h de lunes a viernes y de 9:30 a 13:30 h los sábados. Secretaría: de lunes a jueves de 9:30 a 13:30 y de 17:00 a 19:00 y viernes de 9:30 a 13:30 horas. Durante el mes de julio el horario será de 9 a 14 horas.,1,http://www.madrid.es/sites/v/index.jsp?vgnextchannel=bfa48ab43d6bb410VgnVCM100000171f5a0aRCRD&vgnextoid=a5b91e79ee71c010VgnVCM1000000b205a0aRCRD,LOS ROSALES,AVENIDA,V,133,MADRID,MADRID,28021,3,BUTARQUE,17,Villaverde,https://wikidata.org/entity/Q919536,442482,4466908,40.35074797433515,-3.6773064421969233
6469004,Centro Cultural Mercado de Ibiza (Retiro),Not informed Value,"De lunes a viernes, de 9 a 14 horas.   Fuera de este horario el centro permanecerá abierto durante la celebración de las actividades que se programen.",1,http://www.madrid.es/sites/v/index.jsp?vgnextchannel=bfa48ab43d6bb410VgnVCM100000171f5a0aRCRD&vgnextoid=dbeab973f50e7310VgnVCM1000000b205a0aRCRD,IBIZA,CALLE,V,8,MADRID,MADRID,28009,4,IBIZA,3,Retiro,https://wikidata.org/entity/Q2002296,442533,4474392,40.41817872037522,-3.677376337125393
1933,Centro Cultural Meseta de Orcasitas (Usera),Not informed Value,"De lunes a viernes, 9:30 a 13:30 y de 17 a 20 horas.  Fuera de este horario el centro permanecerá abierto durante la celebración de las actividades que se programen.",2,http://www.madrid.es/sites/v/index.jsp?vgnextchannel=bfa48ab43d6bb410VgnVCM100000171f5a0aRCRD&vgnextoid=fbd91e79ee71c010VgnVCM1000000b205a0aRCRD,ASOCIACION,PLAZA,V,1,MADRID,MADRID,28041,1,ORCASITAS,12,Usera,https://wikidata.org/entity/Q953368,439879,4469031,40.36968950845358,-3.7081679144829076
1955,Centro Cultural Miguel Hernández (Latina),Información general en el teléfono: 91 706 63 00. Correo electrónico: ccmiguelh@madrid.es . Información sobre cursos y talleres en los siguientes enlaces:   Plataforma cursos y talleres Ayuntamiento de Madrid.  Trámites cursos y talleres Ayuntamiento de Madrid.,"Horario de verano:    Cerrado del 1 al 27 de agosto.   Julio, agosto y septiembre, de 9 a 21 horas. Sábados y domingos cerrado.   Horario de apertura del centro:  Lunes a Viernes de 9 a 21:30 horas. Sábados de 9 a 13:30 horas.  Horario de atención al público:  Lunes a Viernes de 9 a 14 horas y de 16 a 18 horas.",1,http://www.madrid.es/sites/v/index.jsp?vgnextchannel=bfa48ab43d6bb410VgnVCM100000171f5a0aRCRD&vgnextoid=420a1e79ee71c010VgnVCM1000000b205a0aRCRD,SERRADILLA,CALLE,V,13,MADRID,MADRID,28044,7,LAS AGUILAS,10,Latina,https://wikidata.org/entity/Q794954,433622,4470101,40.378853797128336,-3.7819616113032115
1972,Centro Cultural Moncloa (Moncloa - Aravaca),Not informed Value,"De lunes a viernes, de 9:30 a 13:30 y de 17 a 19 horas.   Verano: De lunes a viernes de 9:30 a 14 horas.   Semana de San Isidro: De lunes a viernes de 9:30 a 14 horas.   Fuera de este horario el centro permanecerá abierto durante la celebración de las actividades que se programen.","2,4",http://www.madrid.es/sites/v/index.jsp?vgnextchannel=bfa48ab43d6bb410VgnVCM100000171f5a0aRCRD&vgnextoid=982a1e79ee71c010VgnVCM1000000b205a0aRCRD,MONCLOA,PLAZA,V,1,MADRID,MADRID,28008,2,ARGUELLES,9,Moncloa-Aravaca,https://wikidata.org/entity/Q2017682,439028,4476311,40.435209393826675,-3.7188765163188293
1932,Centro Cultural Nicolás Salmerón (Chamartín),Not informed Value,"De lunes a viernes, de 9 a 14 y de 16 a 18 horas.  Julio, de lunes a viernes, de 9 a 15 horas. Agosto cerrado.  Fuera de este horario el centro permanecerá abierto durante la celebración de las actividades que se programen.",1,http://www.madrid.es/sites/v/index.jsp?vgnextchannel=bfa48ab43d6bb410VgnVCM100000171f5a0aRCRD&vgnextoid=ee4a1e79ee71c010VgnVCM1000000b205a0aRCRD,MANTUANO,CALLE,V,51,MADRID,MADRID,28002,3,CIUDAD JARDIN,5,Chamartín,https://wikidata.org/entity/Q1766348,442658,4477740,40.44834125150792,-3.6761992414203526
1934,Centro Cultural Orcasur (Usera),Not informed Value,"De lunes a jueves, de 10 a 14 y de 16:30 a 19:30 horas. Viernes, de 10 a 14 horas.   Julio, lunes a viernes, de 10 a 14 horas.  Agosto cerrado.  Fuera de este horario el centro permanecerá abierto durante la celebración de las actividades que se programen.",1,http://www.madrid.es/sites/v/index.jsp?vgnextchannel=bfa48ab43d6bb410VgnVCM100000171f5a0aRCRD&vgnextoid=8b9a1e79ee71c010VgnVCM1000000b205a0aRCRD,PUEBLO,PLAZA,V,2,MADRID,MADRID,28041,2,ORCASUR,12,Usera,https://wikidata.org/entity/Q953368,440472,4468702,40.366772166148415,-3.70113521931168
1952,Centro Cultural Príncipe de Asturias (Ciudad Lineal),Not informed Value,De lunes a viernes de 8:30 a 22 horas.     Sábados de 09:00 a 22:00 horas.     Verano y Semana de San Isidro de lunes a viernes de 8:30 a 21 horas.,"1,5,6",http://www.madrid.es/sites/v/index.jsp?vgnextchannel=bfa48ab43d6bb410VgnVCM100000171f5a0aRCRD&vgnextoid=d1ca1e79ee71c010VgnVCM1000000b205a0aRCRD,HERMANOS GARCIA NOBLEJAS,CALLE,V,14,MADRID,MADRID,28037,2,PUEBLO NUEVO,15,Ciudad Lineal,https://wikidata.org/entity/Q1763694,445948,4476395,40.43644651057092,-3.6372924261150033
1920,Centro Cultural Puerta de Toledo (Centro),Not informed Value,"De lunes a jueves, de 9 a 14 y de 15 a 18 horas. Viernes, de 9 a 15 horas. Jullio y septiembre de 9 a 14 horas. Agosto cerrado.  Fuera de este horario el centro permanecerá abierto durante la celebración de las actividades que se programen.",1,http://www.madrid.es/sites/v/index.jsp?vgnextchannel=bfa48ab43d6bb410VgnVCM100000171f5a0aRCRD&vgnextoid=28ea1e79ee71c010VgnVCM1000000b205a0aRCRD,GRAN VIA DE SAN FRANCISCO,AVENIDA,V,2,MADRID,MADRID,28005,1,PALACIO,1,Centro,https://wikidata.org/entity/Q1763376,439593,4473220,40.40741060830642,-3.7119168856897677
114978,Centro Cultural Quinta del Berro - Rafael Altamira (Salamanca),Not informed Value,"Horario secretaría:  De lunes a jueves, de 9 a 14 y de 15 a 18 horas. Viernes, de 9 a 14 horas. Julio, de lunes a viernes, atención presencial de 10:30 a 14, atención telefónica de 9 a 14 horas. Agosto: secreatría cerrada.  Horario centro cultural:  De lunes a viernes, de 9 a 21:30 horas. Sábados, de 9:30 a 21:30 horas. Domingos, de 10:30 a 20:30 horas. Julio, agosto y septiembre, de lunes a domingo de 10:30 a 19:30 horas.  Fuera de este horario el centro permanecerá abierto durante la celebración de las actividades que se programen.","1,5",http://www.madrid.es/sites/v/index.jsp?vgnextchannel=bfa48ab43d6bb410VgnVCM100000171f5a0aRCRD&vgnextoid=bcc7cbf06c81c010VgnVCM1000000b205a0aRCRD,ENRIQUE D'ALMONTE,CALLE,V,1,MADRID,MADRID,28028,3,FUENTE DEL BERRO,4,Salamanca,https://wikidata.org/entity/Q1773521,443760,4474815,40.42206601994432,-3.662968075865235
4703422,Centro Cultural San Francisco La Prensa (Carabanchel),Not informed Value,"De lunes a viernes, de 10 a 13 y de 16:30 a 18 horas. Viernes, de 10 a 13 horas. Agosto cerrado.  Fuera de este horario el centro permanecerá abierto durante la celebración de las actividades que se programen.",1,http://www.madrid.es/sites/v/index.jsp?vgnextchannel=bfa48ab43d6bb410VgnVCM100000171f5a0aRCRD&vgnextoid=5787e842ec9a6110VgnVCM1000000b205a0aRCRD,ALISEDA,CALLE,V,4,MADRID,MADRID,28025,5,PUERTA BONITA,11,Carabanchel,https://wikidata.org/entity/Q1001991,437044,4469856,40.37690319217392,-3.741639735552097
1958,Centro Cultural San Juan Bautista (Ciudad Lineal),Not informed Value,"Lunes a sábado, de 9 a 22 horas. Julio, de lunes a viernes, de 9 a 14 horas. Septiembre, de lunes a viernes, de 9 a 22 horas.",1,http://www.madrid.es/sites/v/index.jsp?vgnextchannel=bfa48ab43d6bb410VgnVCM100000171f5a0aRCRD&vgnextoid=618b1e79ee71c010VgnVCM1000000b205a0aRCRD,SAN NEMESIO,CALLE,V,4,MADRID,MADRID,28043,6,SAN JUAN BAUTISTA,15,Ciudad Lineal,https://wikidata.org/entity/Q1763694,444202,4478162,40.45224737965276,-3.6580402287911937
6018014,Centro Cultural Sanchinarro (Hortaleza),Not informed Value,"De lunes a viernes, de 10 a 14 y de 16 a 19 horas.   Fuera de este horario el centro permanecerá abierto durante la celebración de las actividades que se programen.",1,http://www.madrid.es/sites/v/index.jsp?vgnextchannel=bfa48ab43d6bb410VgnVCM100000171f5a0aRCRD&vgnextoid=12eb70618510f210VgnVCM1000000b205a0aRCRD,PRINCESA DE EBOLI,CALLE,V,29,MADRID,MADRID,28050,6,VALDEFUENTES,16,Hortaleza,https://wikidata.org/entity/Q1928529,444469,4482391,40.49035310157377,-3.655261744717257
115404,Centro Cultural Sara Montiel (Latina),Información general en el teléfono: 91 512 08 90. Correo electrónico: cccampamento@madrid.es . Información sobre cursos y talleres en los siguientes enlaces:   Plataforma cursos y talleres Ayuntamiento de Madrid.  Trámites cursos y talleres Ayuntamiento de Madrid.,"Horario de verano:    Cerrado del 1 al 27 de agosto.   Julio, agosto y septiembre, de 9 a 21 horas de lunes a viernes. Sábados y domingos cerrado.   Horario de apertura del centro:  Lunes a Viernes de 9 a 21:30 horas. Sábados de 9 a 13:30 horas.  Horario de atención al público:  De lunes a viernes de 9 a 14 horas y de 16:30 a 19 horas.",1,http://www.madrid.es/sites/v/index.jsp?vgnextchannel=bfa48ab43d6bb410VgnVCM100000171f5a0aRCRD&vgnextoid=c957cbf06c81c010VgnVCM1000000b205a0aRCRD,BOADILLA DEL MONTE,CARRETERA,V,40,MADRID,MADRID,28024,5,CAMPAMENTO,10,Latina,https://wikidata.org/entity/Q794954,434222,4472418,40.399764677637116,-3.775144917950534
1994,Centro Cultural Usera 1,Not informed Value,"De lunes a viernes, de 9 a 13 y de 17 a 19:30 horas.  Agosto cerrado.  Fuera de este horario el centro permanecerá abierto durante la celebración de las actividades que se programen.",2,http://www.madrid.es/sites/v/index.jsp?vgnextchannel=bfa48ab43d6bb410VgnVCM100000171f5a0aRCRD&vgnextoid=54fb1e79ee71c010VgnVCM1000000b205a0aRCRD,RAFAELA YBARRA,AVENIDA,V,49,MADRID,MADRID,28026,7,PRADOLONGO,12,Usera,https://wikidata.org/entity/Q953368,439651,4470300,40.381095838993176,-3.710973351109332
7416137,Centro Cultural Usera 2,Not informed Value,"Atención al público en el Centro Cultural Usera 1.   De lunes a viernes, de 9 a 13 y de 17 a 19:30 horas. Julio, agosto y septiembre, cerrado.  Fuera de este horario el centro permanecerá abierto durante la celebración de las actividades que se programen.",0,http://www.madrid.es/sites/v/index.jsp?vgnextchannel=bfa48ab43d6bb410VgnVCM100000171f5a0aRCRD&vgnextoid=3cadb2cffdc15410VgnVCM1000000b205a0aRCRD,FELIPE CASTRO,CALLE,V,30,MADRID,MADRID,28026,7,PRADOLONGO,12,Usera,https://wikidata.org/entity/Q953368,439814,4470654,40.38429664257218,-3.7090866533057723
123948,Centro Cultural Valdebernardo (Vicálvaro),Not informed Value,De lunes a viernes de 9 a 14 horas. Agosto cerrado.  Fuera de este horario el centro permanecerá abierto durante la celebración de las actividades que se programen.,2,http://www.madrid.es/sites/v/index.jsp?vgnextchannel=bfa48ab43d6bb410VgnVCM100000171f5a0aRCRD&vgnextoid=69188899fc81c010VgnVCM1000000b205a0aRCRD,INDALECIO PRIETO,BULEVAR,V,21,MADRID,MADRID,28032,2,VALDEBERNARDO,19,Vicálvaro,https://wikidata.org/entity/Q589403,447278,4472321,40.399832138328044,-3.6212720265227873
1980,Centro Cultural Zazuar (Villa de Vallecas),Not informed Value,"De lunes a viernes, de 9 a 19:30 horas. Julio y agosto, de lunes a viernes, de 9 a 14 horas.  Fuera de este horario el centro permanecerá abierto durante la celebración de las actividades que se programen.",1,http://www.madrid.es/sites/v/index.jsp?vgnextchannel=bfa48ab43d6bb410VgnVCM100000171f5a0aRCRD&vgnextoid=9d8c1e79ee71c010VgnVCM1000000b205a0aRCRD,ZAZUAR,CALLE,V,4,MADRID,MADRID,28031,2,SANTA EUGENIA,18,Villa de Vallecas,https://wikidata.org/entity/Q1947988,448550,4470424,40.38281899948726,-3.606140062044455
1953,Centro Cultural el Madroño (Vicálvaro),Not informed Value,De lunes a viernes de 9 a 14 horas.  Fuera de este horario el centro permanecerá abierto durante la celebración de las actividades que se programen.,1,http://www.madrid.es/sites/v/index.jsp?vgnextchannel=bfa48ab43d6bb410VgnVCM100000171f5a0aRCRD&vgnextoid=57b63d0b5e71c010VgnVCM1000000b205a0aRCRD,VILLARDONDIEGO,CALLE,V,36,MADRID,MADRID,28032,1,CASCO H.VICALVARO,19,Vicálvaro,https://wikidata.org/entity/Q589403,448357,4472920,40.40529229274289,-3.6086152959929514
1940,Centro Cultural el Torito (Moratalaz),Not informed Value,"De lunes a viernes de 9 a 13:30 y de 17 a 18:30 horas. Julio, de lunes a viernes de 9 a 13:30 horas. Agosto cerrado.  Fuera de este horario el centro permanecerá abierto durante la celebración de las actividades que se programen.",1,http://www.madrid.es/sites/v/index.jsp?vgnextchannel=bfa48ab43d6bb410VgnVCM100000171f5a0aRCRD&vgnextoid=f3073d0b5e71c010VgnVCM1000000b205a0aRCRD,MORATALAZ,AVENIDA,V,130,MADRID,MADRID,28030,6,VINATEROS,14,Moratalaz,https://wikidata.org/entity/Q2076109,445141,4473033,40.40609591857167,-3.646536107063507
1951,Centro Cultural la Elipa (Ciudad Lineal),Not informed Value,"De lunes a sábado, de 9 a 22 horas. Julio, de lunes a viernes, de 9 a 15 horas. Septiembre, de lunes a viernes, de 9 a 22 horas. Fuera de este horario el centro permanecerá abierto durante la celebración de las actividades que se programen.",1,http://www.madrid.es/sites/v/index.jsp?vgnextchannel=bfa48ab43d6bb410VgnVCM100000171f5a0aRCRD&vgnextoid=6c191e79ee71c010VgnVCM1000000b205a0aRCRD,SANTA FELICIDAD,CALLE,V,39,MADRID,MADRID,28017,1,VENTAS,15,Ciudad Lineal,https://wikidata.org/entity/Q1763694,444825,4475074,40.42447060804354,-3.6504253324201104
112637,Centro Integrado Santiago Apóstol (Hortaleza),Not informed Value,"De lunes a viernes, de 9 a 14 horas y de 16 a 21 horas. Agosto cerrado  Fuera de este horario el centro permanecerá abierto durante la celebración de las actividades que se programen.",1,http://www.madrid.es/sites/v/index.jsp?vgnextchannel=bfa48ab43d6bb410VgnVCM100000171f5a0aRCRD&vgnextoid=38f415a11a81c010VgnVCM1000000b205a0aRCRD,CARRION DE LOS CONDES,CALLE,V,73,MADRID,MADRID,28033,5,APOSTOL SANTIAGO,16,Hortaleza,https://wikidata.org/entity/Q1928529,444216,4480809,40.4760846979538,-3.6581195337045274
4703662,Centro Juvenil Carabanchel Alto,"Mira la programación mensual de cada uno de los centros juveniles, encontrarás talleres, teatro, actividades, cesiones de espacios para tu música o tus ensayos, exposiciones; además Wifi gratuito, oficinas de información juvenil y un montón de cosas interesantes. Información sobre las actividades y cesión de espacios: Correo:  actividadescarabanchel@gmail.com   Teléfono de contacto: 914006417 Teléfono: 915118980 Consulta la programación aquí  Para inscribirte en la actividad que más te guste cumplimenta y envía este formulario.","Horario de apertura del centro: de lunes a viernes de 10 a 14:30 horas y de 15:30 a 21 horas. Los sábados de 11 a 21 horas.  Horario de atención al público: lunes y sábado de 13 a 14:30 horas y de 15:30 a 21 horas. Los martes, miércoles, jueves y viernes de 10 a 14 horas y de 15:30 a 21 horas.   Cierres para 2023: 1 y 6 de enero, 20 de marzo, 6, 7 y 8 de abril, 1, 2 y 15 de mayo, TODO EL MES DE AGOSTO, 12 de octubre, 1 y 9 de noviembre, 6, 8, 24, 25 y 31 de diciembre.  El centro permanecerá cerrado todos los domingos.",1,http://www.madrid.es/sites/v/index.jsp?vgnextchannel=bfa48ab43d6bb410VgnVCM100000171f5a0aRCRD&vgnextoid=2565d2d6fe9a6110VgnVCM1000000b205a0aRCRD,ALFONSO FERNANDEZ,CALLE,V,23,MADRID,MADRID,28044,6,BUENAVISTA,11,Carabanchel,https://wikidata.org/entity/Q1001991,435861,4468746,40.366822704148795,-3.755451103709316
146682,Centro Juvenil El Aleph (Villa de Vallecas),"Mira la programación mensual de cada uno de los centros juveniles, encontrarás talleres, teatro, actividades, cesiones de espacios para tu música o tus ensayos, exposiciones; además Wifi gratuito, oficinas de información juvenil y un montón de cosas interesantes.  Información sobre las actividades y cesión de espacios:   Correo:  actividadeselaleph@gmail.com    Teléfono: 913 312 725 Consulta la programación aquí  Para inscribirte en la actividad que más te guste cumplimenta y envía este formulario.",Horario de apertura del centro: de lunes a domingo de 8:30 a 21 horas. Agosto cerrado.  Horario de atención al público ( cuando están los monitores) Lunes y sábado :13:00 a 15:00 / 16:00 a 21: 00h martes a viernes :10:00  a 15:00 / 16:00 a 21:00h domingos: 12:00 a 15:00 /16:00 a 20:00h,1,http://www.madrid.es/sites/v/index.jsp?vgnextchannel=bfa48ab43d6bb410VgnVCM100000171f5a0aRCRD&vgnextoid=84869475d381c010VgnVCM1000000b205a0aRCRD,ZAZUAR,CALLE,V,1,MADRID,MADRID,28031,2,SANTA EUGENIA,18,Villa de Vallecas,https://wikidata.org/entity/Q1947988,448609,4470397,40.38257934400676,-3.6054546139177392
190703,Centro Juvenil El Pardo,"Mira la programación mensual de cada uno de los centros juveniles, encontrarás talleres, teatro, actividades, cesiones de espacios para tu música o tus ensayos, exposiciones; además Wifi gratuito, oficinas de información juvenil y un montón de cosas interesantes.  Información sobre las actividades y cesión de espacios   Correo:  actividadeselpardo@gmail.com    Teléfono: 913 760 652 Consulta la programación aquí  Para inscribirte en la actividad que más te guste cumplimenta y envía este formulario.",Apertura del centro los martes a sábado de 13 a 21 horas.,1,http://www.madrid.es/sites/v/index.jsp?vgnextchannel=bfa48ab43d6bb410VgnVCM100000171f5a0aRCRD&vgnextoid=617ef50ad2a30110VgnVCM1000000b205a0aRCRD,PADRE CIPRIANO,AVENIDA,V,11,MADRID,MADRID,28048,1,EL PARDO,8,Fuencarral-El Pardo,https://wikidata.org/entity/Q656196,434051,4485727,40.51964199418355,-3.778542672958104
182139,Centro Juvenil El Sitio de mi Recreo (Villa de Vallecas),"Mira la programación mensual de cada uno de los centros juveniles, encontrarás talleres, teatro, actividades, cesiones de espacios para tu música o tus ensayos, exposiciones; además Wifi gratuito, oficinas de información juvenil y un montón de cosas interesantes.  Información sobre las actividades y cesión de espacios:   Correo:  actividadeselrecreo@gmail.com    Teléfono: 913320198  Teléfono: 913 05 24 48  Horario de reserva cesiones de espacio y salas de ensayo: Lunes a jueves de 10:00 a 15:00 y de 16:00 a 19:00 h. Viernes de 9:00 a 15:30 h. Consulta la programación aquí  Para inscribirte en la actividad que más te guste cumplimenta y envía este formulario.",Horario de atención al público : De lunes a sábado de 10 a 15 horas y de 16 a 21 horas. Domingos de 12 a 15 horas y de 16 a 20 horas.  Horario de apertura y cierre: Lunes a domingo de 08.30- 21.30 h,1,http://www.madrid.es/sites/v/index.jsp?vgnextchannel=bfa48ab43d6bb410VgnVCM100000171f5a0aRCRD&vgnextoid=9bd738d60b41c010VgnVCM2000000c205a0aRCRD,REAL DE ARGANDA,CALLE,V,39,MADRID,MADRID,28031,2,SANTA EUGENIA,18,Villa de Vallecas,https://wikidata.org/entity/Q1947988,447634,4470066,40.37953682427198,-3.616901585603186
5396226,Centro Juvenil Hontalbilla (Fuencarral - El Pardo),"Mira la programación mensual de cada uno de los centros juveniles, encontrarás talleres, teatro, actividades, cesiones de espacios para tu música o tus ensayos, exposiciones; además Wifi gratuito, oficinas de información juvenil y un montón de cosas interesantes.  Información sobre las actividades y cesión de espacios   Correo:  actividadeshontalbilla@gmail.com    Teléfono: 917 342 878 y 917 364 378 Consulta la programación aquí  Para inscribirte en la actividad que más te guste cumplimenta y envía este formulario.","Horario de apertura del centro:    Mañanas: de lunes a sábados, de: 9 a 15 horas Tardes:de lunes a sábados, de 16 a  21 horas  Agosto centro juvenil cerrado.",0,http://www.madrid.es/sites/v/index.jsp?vgnextchannel=bfa48ab43d6bb410VgnVCM100000171f5a0aRCRD&vgnextoid=afc93331c9ee2210VgnVCM2000000c205a0aRCRD,HONTALBILLA,CALLE,V,10,MADRID,MADRID,28034,6,VALVERDE,8,Fuencarral-El Pardo,https://wikidata.org/entity/Q656196,441474,4482632,40.49231828430878,-3.6906342081203283
11925994,Centro Juvenil Pipo Velasco (Usera),"Mira la programación mensual de cada uno de los centros juveniles, encontrarás talleres, teatro, actividades, cesiones de espacios para tu música o tus ensayos, exposiciones; además Wifi gratuito, oficinas de información juvenil y un montón de cosas interesantes.  Información sobre las actividades y cesión de espacios:   Correo: actividadespipo@gmail.com   Teléfono: 609619978 Consulta la programación aquí  Para inscribirte en la actividad que más te guste cumplimenta y envía este formulario .",Horario de apertura: de 9 a 22h.  Horario de atención al público: Todos los días.,1,http://www.madrid.es/sites/v/index.jsp?vgnextchannel=bfa48ab43d6bb410VgnVCM100000171f5a0aRCRD&vgnextoid=a0d2795e39a36810VgnVCM2000001f4a900aRCRD,AVENA,CALLE,V,5,MADRID,MADRID,28026,6,ZOFIO,12,Usera,https://wikidata.org/entity/Q953368,439248,4469889,40.37738097077752,-3.715659887802671
4923522,Centro Juvenil Tetuán Punto Joven,"Mira la programación mensual de cada uno de los centros juveniles, encontrarás talleres, teatro, actividades, cesiones de espacios para tu música o tus ensayos, exposiciones; además Wifi gratuito, oficinas de información juvenil y un montón de cosas interesantes.  Información sobre las actividades y cesión de espacios   Correo:  tetuanpuntojoven@gmail.com    Teléfono: 915 347 744 Consulta la programación aquí  Para inscribirte en la actividad que más te guste cumplimenta y envía este formulario.","Los lunes de 13 a 21 horas. De martes a viernes de 10 a 21 horas, los sábados de 12 a 21 horas. Domingos y festivos: cerrado. Agosto: cerrado.",0,http://www.madrid.es/sites/v/index.jsp?vgnextchannel=bfa48ab43d6bb410VgnVCM100000171f5a0aRCRD&vgnextoid=2f9e41aee5a2a110VgnVCM1000000b205a0aRCRD,DULCINEA,CALLE,V,4,MADRID,MADRID,28020,2,CUATRO CAMINOS,6,Tetuán,https://wikidata.org/entity/Q1773540,440651,4477630,40.447199849232135,-3.6998771920981004
4535757,Centro Sefarad - Israel,"Consorcio institucional creado el 18 de diciembre de 2006, mediante a un acuerdo entre el Ministerio de Asuntos Exteriores, Unión Europea y de Cooperación, la Comunidad de Madrid y el Ayuntamiento de Madrid.",Not informed Value,3,http://www.madrid.es/sites/v/index.jsp?vgnextchannel=bfa48ab43d6bb410VgnVCM100000171f5a0aRCRD&vgnextoid=9d50215a57131110VgnVCM2000000c205a0aRCRD,MAYOR,CALLE,V,69,MADRID,MADRID,28013,1,PALACIO,1,Centro,https://wikidata.org/entity/Q1763376,439659,4474098,40.41532290628835,-3.711227065575005
6396299,Centro Social Comunitario Josefa Amar,Not informed Value,De lunes a viernes de 9:30 a 20:30 horas. Sábados de 10 a 20 horas. Domingos de 10 a 14 y de 16 a 20 horas.,0,http://www.madrid.es/sites/v/index.jsp?vgnextchannel=bfa48ab43d6bb410VgnVCM100000171f5a0aRCRD&vgnextoid=edda0bb16aba6310VgnVCM1000000b205a0aRCRD,MATILDE LANDA,CALLE,V,30,MADRID,MADRID,28029,4,ALMENARA,6,Tetuán,https://wikidata.org/entity/Q1773540,441164,4480511,40.4731994125293,-3.6940812660649414
4568753,Centro Social Polivalente de Vicálvaro,Not informed Value,Consultar,1,http://www.madrid.es/sites/v/index.jsp?vgnextchannel=bfa48ab43d6bb410VgnVCM100000171f5a0aRCRD&vgnextoid=59c6ca957d152110VgnVCM1000000b205a0aRCRD,REAL,AVENIDA,V,12,MADRID,MADRID,28032,1,CASCO H.VICALVARO,19,Vicálvaro,https://wikidata.org/entity/Q589403,448490,4472608,40.40249219663602,-3.6070177881676537
56495,Centro Sociocultural  Siena (Ciudad Lineal),Not informed Value,"De lunes a jueves, de 9 a 15 horas. Viernes, de 9 a 14 horas.   Julio y San Isidro, de lunes a viernes, de 9 a 14 horas.   Agosto cerrado.   Fuera de este horario el centro permanecerá abierto durante la celebración de las actividades que se programen.",0,http://www.madrid.es/sites/v/index.jsp?vgnextchannel=bfa48ab43d6bb410VgnVCM100000171f5a0aRCRD&vgnextoid=1114c2c6e051c010VgnVCM2000000c205a0aRCRD,SIENA,CALLE,V,52,MADRID,MADRID,28027,3,QUINTANA,15,Ciudad Lineal,https://wikidata.org/entity/Q1763694,444709,4476040,40.433168908505294,-3.651871341017642
1936,Centro Sociocultural Alberto Sánchez (Puente de Vallecas),Not informed Value,"Atención al público: lunes a viernes, de 9 a 13:45 y de 17 a 18:45 horas. Julio, de lunes a viernes de 9 a 14 horas. Agosto cerrado.  Fuera de este horario el centro permanecerá abierto durante la celebración de las actividades que se programen.",1,http://www.madrid.es/sites/v/index.jsp?vgnextchannel=bfa48ab43d6bb410VgnVCM100000171f5a0aRCRD&vgnextoid=20a43d0b5e71c010VgnVCM1000000b205a0aRCRD,RISCO DE PELOCHE,CALLE,V,14,MADRID,MADRID,28038,6,NUMANCIA,13,Puente de Vallecas,https://wikidata.org/entity/Q2003054,444360,4471652,40.393619022093546,-3.6556016835101834
72862,Centro Sociocultural Alfonso XII (Fuencarral - El Pardo),Not informed Value,"Horario del centro: de lunes a viernes, de 9 a  21:30 h.  Horario de secretaría: de lunes a viernes de 9 a 14 y de 16,30 a 20:30 h.",1,http://www.madrid.es/sites/v/index.jsp?vgnextchannel=bfa48ab43d6bb410VgnVCM100000171f5a0aRCRD&vgnextoid=b7d168540e41c010VgnVCM2000000c205a0aRCRD,MIRA EL RIO,CALLE,V,4,MADRID,MADRID,28048,1,EL PARDO,8,Fuencarral-El Pardo,https://wikidata.org/entity/Q656196,434105,4485730,40.519673311658686,-3.7779055687726535
1990,Centro Sociocultural Almirante Churruca (Latina),Información general en el teléfono: 91 509 05 81. Correo electrónico: ccchurruca@madrid.es . Información sobre cursos y talleres en los siguientes enlaces:   Plataforma cursos y talleres Ayuntamiento de Madrid.  Trámites cursos y talleres Ayuntamiento de Madrid.,Horario de verano:    Desde el 1 de julio hasta el 30 de octubre el horario de apertura es de 9 a 21 horas. El centro cierra por vacaciones del 1 al 27 de agosto ambos inclusive.    Horario de apertura del centro:  Lunes a Viernes de 9 a 21:30 horas. Sábados de 9 a 13:30 horas.  Horario de atención al público:  Lunes a Viernes de 9 a 14 horas y de 16:30 a 18:30 horas.,1,http://www.madrid.es/sites/v/index.jsp?vgnextchannel=bfa48ab43d6bb410VgnVCM100000171f5a0aRCRD&vgnextoid=76c43d0b5e71c010VgnVCM1000000b205a0aRCRD,FUENTE DEL TIRO,CALLE,V,72,MADRID,MADRID,28024,7,LAS AGUILAS,10,Latina,https://wikidata.org/entity/Q794954,433786,4470559,40.3829835905706,-3.7800890564106613
1974,Centro Sociocultural Aula de Aire Libre (Puente de Vallecas),Not informed Value,"Atención al público: lunes a viernes, de 9 a 13:45 y de 17 a 18:45 horas.  Durante el mes de julio, Semana Santa y Navidad, lunes a viernes de 9 a 14 horas. Agosto cerrado.  Fuera de este horario el centro permanecerá abierto durante la celebración de las actividades que se programen.",0,http://www.madrid.es/sites/v/index.jsp?vgnextchannel=bfa48ab43d6bb410VgnVCM100000171f5a0aRCRD&vgnextoid=314e1e79ee71c010VgnVCM1000000b205a0aRCRD,SIERRA CARBONERA,CALLE,V,74,MADRID,MADRID,28053,2,SAN DIEGO,13,Puente de Vallecas,https://wikidata.org/entity/Q2003054,443532,4471268,40.39009728291889,-3.665329063724782
1927,Centro Sociocultural Blasco Ibáñez (Carabanchel),Not informed Value,"De lunes a jueves, de 10 a 13 y de 16:30 a 18:30 horas. Viernes, de 10 a 13 horas. Julio, de lunes a viernes, de 10 a 13 horas. Agosto, festivos y fines de semana, cerrado.  Fuera de este horario el centro permanecerá abierto durante la celebración de las actividades que se programen.",0,http://www.madrid.es/sites/v/index.jsp?vgnextchannel=bfa48ab43d6bb410VgnVCM100000171f5a0aRCRD&vgnextoid=fb453d0b5e71c010VgnVCM1000000b205a0aRCRD,SOLDADO JOSE MARIA REY,CALLE,V,44,MADRID,MADRID,28019,3,SAN ISIDRO,11,Carabanchel,https://wikidata.org/entity/Q1001991,437813,4471853,40.394959912881816,-3.732764798621339
1949,Centro Sociocultural Bohemios (Villaverde),Not informed Value,De Secretaría:  horario de mañana: de lunes a viernes de 9 a 14 horas . Horario de tarde: de lunes a jueves de 17 a 19 horas.  Durante el mes de  julio el horario será de 9 a 14 horas.  De secretaría : Teléfono 917109260 / 917100558 en el horario que ya consta. Auxiliares de información: Teléfono 917109263.,1,http://www.madrid.es/sites/v/index.jsp?vgnextchannel=bfa48ab43d6bb410VgnVCM100000171f5a0aRCRD&vgnextoid=42753d0b5e71c010VgnVCM1000000b205a0aRCRD,LOS BOHEMIOS,CALLE,V,1,MADRID,MADRID,28041,5,LOS ANGELES,17,Villaverde,https://wikidata.org/entity/Q919536,441066,4467547,40.35639654251886,-3.6940501846610894
1967,Centro Sociocultural Ciudad Lineal,Not informed Value,"De lunes a viernes, de 9 a 14 horas.   Verano y San Isidro, de lunes a viernes, de 9 a 13 horas.   Fuera de este horario el centro permanecerá abierto durante la celebración de las actividades que se programen.",1,http://www.madrid.es/sites/v/index.jsp?vgnextchannel=bfa48ab43d6bb410VgnVCM100000171f5a0aRCRD&vgnextoid=16f81e79ee71c010VgnVCM1000000b205a0aRCRD,POETA BLAS DE OTERO,CALLE,V,81,MADRID,MADRID,28017,1,VENTAS,15,Ciudad Lineal,https://wikidata.org/entity/Q1763694,444717,4474895,40.422850906984415,-3.651682839770605
10344149,Centro Sociocultural Clara Campoamor (Retiro),"El Centro Sociocultural Clara Campoamor se encuentra en uno de los edificios de la Junta Municipal del Distrito de Retiro (el edificio más moderno). En este edificio, además del Centro Sociocultural se encuentran las oficinas de Línea Madrid y los despachos de los grupos políticos de la Junta.",De 9 a 14 horas.  Fuera de este horario el centro permanecerá abierto durante la celebración de las actividades que se programen.,"1,4,5",http://www.madrid.es/sites/v/index.jsp?vgnextchannel=bfa48ab43d6bb410VgnVCM100000171f5a0aRCRD&vgnextoid=0c057ab5c83db510VgnVCM2000001f4a900aRCRD,DAOIZ Y VELARDE,PLAZA,V,2,MADRID,MADRID,28007,1,PACIFICO,3,Retiro,https://wikidata.org/entity/Q2002296,442527,4472618,40.402190438836826,-3.6772826298329093
118935,Centro Sociocultural Cánovas del Castillo (Usera),Not informed Value,"De lunes a viernes, de 10 a 14 y de 17 a 19 horas. Julio, de lunes a viernes, de 10 a 14 horas. Agosto cerrado.  Fuera de este horario el centro permanecerá abierto durante la celebración de las actividades que se programen.",1,http://www.madrid.es/sites/v/index.jsp?vgnextchannel=bfa48ab43d6bb410VgnVCM100000171f5a0aRCRD&vgnextoid=1087cbf06c81c010VgnVCM1000000b205a0aRCRD,JULIO AGUIRRE,CALLE,V,10,MADRID,MADRID,28026,4,ALMENDRALES,12,Usera,https://wikidata.org/entity/Q953368,440579,4470866,40.38627312379031,-3.700074755609488
1941,Centro Sociocultural Eduardo Chillida (Moratalaz),Not informed Value,"De lunes a viernes, de 9 a 13:30 y de 17 a 18:30 horas. Julio, de lunes a viernes, de 9 a 13:30 horas. Agosto cerrado.  Fuera de este horario el centro permanecerá abierto durante la celebración de las actividades que se programen.",1,http://www.madrid.es/sites/v/index.jsp?vgnextchannel=bfa48ab43d6bb410VgnVCM100000171f5a0aRCRD&vgnextoid=01963d0b5e71c010VgnVCM1000000b205a0aRCRD,ARROYO BELINCOSO,CALLE,V,9,MADRID,MADRID,28030,4,MEDIA LEGUA,14,Moratalaz,https://wikidata.org/entity/Q2076109,444591,4473396,40.40934483353835,-3.653036718771371
26904,Centro Sociocultural El Greco (Latina),Información general en el teléfono: 91 479 31 50. Correo electrónico: ccgreco@madrid.es  Información sobre cursos y talleres en los siguientes enlaces:   Plataforma cursos y talleres Ayuntamiento de Madrid.  Trámites cursos y talleres Ayuntamiento de Madrid.,"Horario de verano:   Julio, agosto y septiembre de 9 a 20:30 de lunes a viernes. Del 1 al 27 de agosto el Centro se encuentra cerrado.  Horario de apertura del centro:  Lunes a Viernes de 9 a 21:30 horas. Sábados de 9 a 13:30 horas.  Horario de atención al público:  Lunes a Viernes de 9:30 a 14 horas y de 16:30 a 19 horas.",1,http://www.madrid.es/sites/v/index.jsp?vgnextchannel=bfa48ab43d6bb410VgnVCM100000171f5a0aRCRD&vgnextoid=cae2b3e42751c010VgnVCM2000000c205a0aRCRD,EL GRECO,CALLE,V,29,MADRID,MADRID,28011,3,LUCERO,10,Latina,https://wikidata.org/entity/Q794954,436578,4473235,40.407316328180464,-3.747465416906973
1926,Centro Sociocultural García Lorca (Carabanchel),Not informed Value,"De lunes a jueves, de 10 a 13 horas y de 16:30 a 18 horas. Viernes, de 10 a 13 horas.  Julio, de lunes a viernes, de 10 a 13 horas.   Agosto y festivos, cerrado.   Fuera de este horario el centro permanecerá abierto durante la celebración de las actividades que se programen.",1,http://www.madrid.es/sites/v/index.jsp?vgnextchannel=bfa48ab43d6bb410VgnVCM100000171f5a0aRCRD&vgnextoid=e6773d0b5e71c010VgnVCM1000000b205a0aRCRD,EUGENIA DE MONTIJO,CALLE,V,105,MADRID,MADRID,28044,6,BUENAVISTA,11,Carabanchel,https://wikidata.org/entity/Q1001991,436243,4469562,40.37420290010211,-3.7510337449848636
1947,Centro Sociocultural José de Espronceda (Tetuán),Not informed Value,"De lunes a jueves, de 9:30 a 13:30 y de 16:30 a 18 horas. Viernes, de 9:30 a 13:30 horas.  Julio, solo mañanas.   Agosto cerrado.    Fuera de este horario el centro permanecerá abierto durante la celebración de las actividades que se programen.",1,http://www.madrid.es/sites/v/index.jsp?vgnextchannel=bfa48ab43d6bb410VgnVCM100000171f5a0aRCRD&vgnextoid=23881e79ee71c010VgnVCM1000000b205a0aRCRD,ALMANSA,CALLE,V,9,MADRID,MADRID,28039,1,BELLAS VISTAS,6,Tetuán,https://wikidata.org/entity/Q1773540,440258,4477792,40.44864332758775,-3.704513191828797
124354,Centro Sociocultural Juvenil de Moratalaz,Not informed Value,"De lunes a viernes, de 9 a 14 y de 17 a 19 horas.  Verano, lunes a viernes, de 9 a 14 horas.  Fuera de este horario el centro permanecerá abierto durante la celebración de las actividades que se programen.",1,http://www.madrid.es/sites/v/index.jsp?vgnextchannel=bfa48ab43d6bb410VgnVCM100000171f5a0aRCRD&vgnextoid=bf388899fc81c010VgnVCM1000000b205a0aRCRD,FUENTE CARRANTONA,CALLE,V,10,MADRID,MADRID,28030,1,PAVONES,14,Moratalaz,https://wikidata.org/entity/Q2076109,445977,4472270,40.39928542551079,-3.636600379403484
1965,Centro Sociocultural Juvenil de Usera,Not informed Value,"De lunes a viernes, de 10 a 14 y de 17 a 19 horas. Julio, de lunes a viernes, de 10 a 14 horas. Agosto cerrado.  Fuera de este horario el centro permanecerá abierto durante la celebración de las actividades que se programen.",1,http://www.madrid.es/sites/v/index.jsp?vgnextchannel=bfa48ab43d6bb410VgnVCM100000171f5a0aRCRD&vgnextoid=876e1e79ee71c010VgnVCM1000000b205a0aRCRD,CUESTA,CALLE,V,4,MADRID,MADRID,28026,5,MOSCARDO,12,Usera,https://wikidata.org/entity/Q953368,439956,4471270,40.38986587050054,-3.707459143903564
11189796,Centro Sociocultural Las Tablas (Fuencarral - El Pardo),Not informed Value,Lunes y miércoles de 9:30 a 13:30 horas Martes y jueves de 9:30 a 14:30 horas Viernes cerrado,1,http://www.madrid.es/sites/v/index.jsp?vgnextchannel=bfa48ab43d6bb410VgnVCM100000171f5a0aRCRD&vgnextoid=f766b6f6751c2710VgnVCM1000001d4a900aRCRD,CAMINO DE SANTIAGO,AVENIDA,V,39,MADRID,MADRID,28050,6,VALVERDE,8,Fuencarral-El Pardo,https://wikidata.org/entity/Q656196,442867,4483048,40.496178544904275,-3.6742173844664605
102131,Centro Sociocultural Latina,Información general en el teléfono: 91 509 54 70. Correo electrónico: juvenlatina@madrid.es . Información sobre cursos y talleres en los siguientes enlaces:   Plataforma cursos y talleres Ayuntamiento de Madrid.  Trámites cursos y talleres Ayuntamiento de Madrid.,Horario de verano:       El horario de apertura del Centro Sociocultural Latina es:   Mes de julio de 9 a 21 h de lunes a viernes. Desde el 1 hasta el 27 de agosto Cierre del Centro por vacaciones. Desde el 28 de agosto al 30 de septiembre de 9 a 21 h.  Horario de apertura del centro:  Lunes a Viernes de 9 a 21:30 horas. Sábados de 9 a 13:30 horas.  Horario de atención al público:  Lunes a Viernes de 9 a 14 horas.,1,http://www.madrid.es/sites/v/index.jsp?vgnextchannel=bfa48ab43d6bb410VgnVCM100000171f5a0aRCRD&vgnextoid=a4ed8899fc81c010VgnVCM1000000b205a0aRCRD,RODRIGO DE ARANA,CALLE,V,50,MADRID,MADRID,28044,7,LAS AGUILAS,10,Latina,https://wikidata.org/entity/Q794954,434982,4470177,40.3796366471018,-3.7659492448759053
1961,Centro Sociocultural Luis Gonzaga (Chamartín),Not informed Value,"De lunes a jueves, de 9:30 a 14 horas y de 16:30 a 18:30 horas.   Viernes, de 9:30 a 14 horas y de 16:30 a 17:30 horas.    Verano, de lunes a viernes, de 9:30 a 14 horas.   Agosto cerrado.  Fuera de este horario el centro permanecerá abierto durante la celebración de las actividades que se programen.",1,http://www.madrid.es/sites/v/index.jsp?vgnextchannel=bfa48ab43d6bb410VgnVCM100000171f5a0aRCRD&vgnextoid=ba8b3d232e91f010VgnVCM1000000b205a0aRCRD,PRINCIPE DE VERGARA,CALLE,V,142,MADRID,MADRID,28002,3,CIUDAD JARDIN,5,Chamartín,https://wikidata.org/entity/Q1766348,442496,4477359,40.44489723228663,-3.6780972922453685
1909,Centro Sociocultural Maestro Alonso (Salamanca),Not informed Value,"De lunes a viernes, de 9 a 14 y de 15 a 18 horas (viernes tarde de 15 a 17 horas) Verano, de lunes a viernes, de 8 a 15 horas.  Fuera de este horario el centro permanecerá abierto durante la celebración de las actividades que se programen.",1,http://www.madrid.es/sites/v/index.jsp?vgnextchannel=bfa48ab43d6bb410VgnVCM100000171f5a0aRCRD&vgnextoid=783f1e79ee71c010VgnVCM1000000b205a0aRCRD,MAESTRO ALONSO,CALLE,V,6,MADRID,MADRID,28028,3,FUENTE DEL BERRO,4,Salamanca,https://wikidata.org/entity/Q1773521,443605,4475629,40.42938854032785,-3.664855511110751
170066,Centro Sociocultural Marconi (Villaverde),Not informed Value,"El Centro Sociocultural Marconi estará abierto de 9:00 a 21:00 h ininterrumpidamente, de lunes a viernes, excepto en el mes de agosto que permanecerá cerrado. Secretaría: de lunes a jueves de 9:30 a 13:30 y de 16:45 a 19:15 y viernes de 9:30 a 13:30 horas. Horario de Navidad:  de 9:00 a 14:00 horas, de lunes a viernes.  Durante el mes de julio el horario será de 9:00 a 14:00 horas, de lunes a viernes.",1,http://www.madrid.es/sites/v/index.jsp?vgnextchannel=bfa48ab43d6bb410VgnVCM100000171f5a0aRCRD&vgnextoid=6cb0085f5181c010VgnVCM1000000b205a0aRCRD,COLONIA MARCONI,ACCESO,V,4,MADRID,MADRID,28021,,SAN ANDRES,,Villaverde,https://wikidata.org/entity/Q919536,440472,4465148,40.334751832113774,-3.700809560921597
1970,Centro Sociocultural Miguel de Cervantes (San Blas - Canillejas),Not informed Value,"De lunes a viernes, de 10 a 14 horas.    Fuera de este horario el centro permanecerá abierto durante la celebración de las actividades que se programen.",1,http://www.madrid.es/sites/v/index.jsp?vgnextchannel=bfa48ab43d6bb410VgnVCM100000171f5a0aRCRD&vgnextoid=24be1e79ee71c010VgnVCM1000000b205a0aRCRD,ALIAGA,CALLE,V,5,MADRID,MADRID,28022,7,CANILLEJAS,20,San Blas-Canillejas,https://wikidata.org/entity/Q2001937,448148,4476402,40.4366557020283,-3.6113517282299217
5514552,Centro Sociocultural Montecarmelo (Fuencarral - El Pardo),Not informed Value,"Horario del centro:  De lunes a viernes de 8:30 a 15 y de 16 a 21:30 h, Sábados 9 a 15 y de 16 a 21 h   Domingos y festivos, de 10 a 15 h   Horario secretaría talleres:  De lunes a viernes  de 9 a 14:30 horas y de 16:30 a 18:30 horas",1,http://www.madrid.es/sites/v/index.jsp?vgnextchannel=bfa48ab43d6bb410VgnVCM100000171f5a0aRCRD&vgnextoid=30f2b51ae6295210VgnVCM2000000c205a0aRCRD,Santuario de Valverde,Avenida,T,114,MADRID,MADRID,28049,8,EL GOLOSO,8,Fuencarral-El Pardo,https://wikidata.org/entity/Q656196,441892,4485296,40.51635495615339,-3.685946562681175
1964,Centro Sociocultural Oporto (Carabanchel),Not informed Value,"De lunes a jueves, mañanas, de 10 a 13 y de 16:30 a 18:30 horas. Viernes, de 10 a 13 horas. Julio y agosto cerrado.  Fuera de este horario el centro permanecerá abierto durante la celebración de las actividades que se programen.",1,http://www.madrid.es/sites/v/index.jsp?vgnextchannel=bfa48ab43d6bb410VgnVCM100000171f5a0aRCRD&vgnextoid=357a1e79ee71c010VgnVCM1000000b205a0aRCRD,OPORTO,AVENIDA,V,78,MADRID,MADRID,28019,2,OPAÑEL,11,Carabanchel,https://wikidata.org/entity/Q1001991,438232,4470949,40.38684744124125,-3.727740326743959
1924,Centro Sociocultural Rafael de León (Fuencarral - El Pardo),Not informed Value,Horario del centro: de lunes a viernes de 9 a 14 y de 16 a 21  h  Secretaría Talleres: de lunes a jueves de 9 a 14:30 y de 16:30 a 19:30 h.   viernes de 9 a 13:30 y de 16 a 18 h.,1,http://www.madrid.es/sites/v/index.jsp?vgnextchannel=bfa48ab43d6bb410VgnVCM100000171f5a0aRCRD&vgnextoid=7e0b1e79ee71c010VgnVCM1000000b205a0aRCRD,ISLA DE ONS,CALLE,V,14,MADRID,MADRID,28035,3,PEÑA GRANDE,8,Fuencarral-El Pardo,https://wikidata.org/entity/Q656196,438850,4481314,40.48025613358832,-3.7214686777952974
43311,Centro Sociocultural Rosario de Acuña (Latina),Información general en el teléfono: 91 464 93 04. Correo electrónico: cccalasanz@madrid.es . Información sobre cursos y talleres en los siguientes enlaces:   Plataforma cursos y talleres Ayuntamiento de Madrid.  Trámites cursos y talleres Ayuntamiento de Madrid.,Horario de verano:     De julio a septiembre es de 9 a 21 h. de lunes a viernes.    Salas de lectura abiertas de 9:30 a 20:30. h.   Horarios de apertura del centro:  Lunes a Viernes de 9:30 a 21 horas. Sábados de 10 a 13 horas.  Horario de atención al público:  Lunes a Viernes de 10 a 13 horas.,1,http://www.madrid.es/sites/v/index.jsp?vgnextchannel=bfa48ab43d6bb410VgnVCM100000171f5a0aRCRD&vgnextoid=2bae598d1351c010VgnVCM1000000b205a0aRCRD,MARIA DEL CARMEN,CALLE,V,65,MADRID,MADRID,28011,2,PUERTA DEL ANGEL,10,Latina,https://wikidata.org/entity/Q794954,437830,4473132,40.40647389284976,-3.7327010920242043
1950,Centro Sociocultural San Cristóbal de los Ángeles (Villaverde),Not informed Value,"El Centro Sociocultural San Cristóbal estará abierto de 9:00 a 21:00 h ininterrumpidamente, de lunes a viernes, excepto en el mes de agosto que permanecerá cerrado para el público. Solamente estará abierto para la actividad de `Viva el verano&amp;acute;. Horario de atención al público, de lunes a jueves de 9:00 a 13:00  h y de 16:00 a 18:00  h y viernes de 9:00 a 13:00 horas. Horario de Navidad:  de 9:00 a 13:00 horas, de lunes a viernes. Durante el mes de julio solamente estará atendido por Auxiliares de información.",1,http://www.madrid.es/sites/v/index.jsp?vgnextchannel=bfa48ab43d6bb410VgnVCM100000171f5a0aRCRD&vgnextoid=7f4a79262ef5d010VgnVCM1000000b205a0aRCRD,PINAZO,PLAZA,V,9,MADRID,MADRID,28021,2,SAN CRISTOBAL,17,Villaverde,https://wikidata.org/entity/Q919536,441460,4466191,40.34233618931469,-3.6905504735084342
1935,Centro Sociocultural San Fermín (Usera),Not informed Value,"De lunes a viernes, de 10 a 14 y de 16 a 19 horas. Julio, de lunes a viernes, de 9 a 16 horas.  Fuera de este horario el centro permanecerá abierto durante la celebración de las actividades que se programen.",1,http://www.madrid.es/sites/v/index.jsp?vgnextchannel=bfa48ab43d6bb410VgnVCM100000171f5a0aRCRD&vgnextoid=1b5b1e79ee71c010VgnVCM1000000b205a0aRCRD,ESTAFETA,CALLE,V,33,MADRID,MADRID,28041,3,SAN FERMIN,12,Usera,https://wikidata.org/entity/Q953368,441247,4469238,40.371654294908154,-3.692056897625109
117716,Centro Sociocultural Santa Petronila (Villaverde),Not informed Value,"El Centro Sociocultural Santa Petronila estará abierto de 9:00 a 21:30 h ininterrumpidamente, de lunes a viernes, y los sábados de 9:30 a 13:00. Agosto permanece cerrado. Horario de atención al publico, secretaría:  lunes a viernes de 9:30 a 14:00 h y de lunes a jueves de 16 a 18 horas. Durante el mes de julio el horario será de 9:00 a 14:00 horas, de lunes a viernes. Teléfonos de atención al público; Información General: 917 791 204 ó ccspetronila@madrid.es Administración: 917 100 309 y 917 109 228",1,http://www.madrid.es/sites/v/index.jsp?vgnextchannel=bfa48ab43d6bb410VgnVCM100000171f5a0aRCRD&vgnextoid=03f7cbf06c81c010VgnVCM1000000b205a0aRCRD,MARIA MARTINEZ OVIOL,CALLE,V,12,MADRID,MADRID,28021,4,LOS ROSALES,17,Villaverde,https://wikidata.org/entity/Q919536,441277,4466932,40.35087114162283,-3.691508909255186
1937,Centro Sociocultural Talleres de Creatividad (Puente de Vallecas),Not informed Value,"De lunes a viernes, de 9 a 13:45 y de 17 a 18:45 horas. Julio, de lunes a viernes, de 9 a 14 horas. Agosto cerrado.   Fuera de este horario el centro permanecerá abierto durante la celebración de las actividades que se programen.",0,http://www.madrid.es/sites/v/index.jsp?vgnextchannel=bfa48ab43d6bb410VgnVCM100000171f5a0aRCRD&vgnextoid=b7ab1e79ee71c010VgnVCM1000000b205a0aRCRD,SIERRA CARBONERA,CALLE,V,74,MADRID,MADRID,28053,2,SAN DIEGO,13,Puente de Vallecas,https://wikidata.org/entity/Q2003054,443532,4471268,40.39010138870244,-3.6653235716960015
1971,Centro Sociocultural Teresa de Calcuta (Barajas),Not informed Value,"De lunes a viernes, de 9 a 14 y de 15 a 17 horas.  Fuera de este horario el centro permanecerá abierto durante la celebración de las actividades que se programen.",1,http://www.madrid.es/sites/v/index.jsp?vgnextchannel=bfa48ab43d6bb410VgnVCM100000171f5a0aRCRD&vgnextoid=f50e1e79ee71c010VgnVCM1000000b205a0aRCRD,NAVIO,PLAZA,V,4,MADRID,MADRID,28042,1,ALAMEDA DE OSUNA,21,Barajas,https://wikidata.org/entity/Q807230,450174,4478461,40.455320740232835,-3.5876301858469386
1948,Centro Sociocultural Tetuán,Not informed Value,"De lunes a jueves, de 9:30 a 13:30 y de 16:30 a 18 horas. Viernes de 9:30 a 13:30 horas. Julio, solo mañanas. Agosto cerrado.   Fuera de este horario el centro permanecerá abierto durante la celebración de las actividades que se programen.",1,http://www.madrid.es/sites/v/index.jsp?vgnextchannel=bfa48ab43d6bb410VgnVCM100000171f5a0aRCRD&vgnextoid=0ecb1e79ee71c010VgnVCM1000000b205a0aRCRD,BRAVO MURILLO,CALLE,V,251,MADRID,MADRID,28020,6,BERRUGUETE,6,Tetuán,https://wikidata.org/entity/Q1773540,440628,4478947,40.45907909580629,-3.7002532146213043
1923,Centro Sociocultural Valle Inclán (Fuencarral - El Pardo),Not informed Value,Centro: de lunes a viernes de 9 a 14 y de 16 a 21 h  Secretaría Talleres: de lunes a viernes de 9 a 13:30 y de 16 a 18.,1,http://www.madrid.es/sites/v/index.jsp?vgnextchannel=bfa48ab43d6bb410VgnVCM100000171f5a0aRCRD&vgnextoid=aa1c1e79ee71c010VgnVCM1000000b205a0aRCRD,ARZOBISPO MORCILLO,CALLE,V,7,MADRID,MADRID,28029,5,LA PAZ,8,Fuencarral-El Pardo,https://wikidata.org/entity/Q656196,441233,4481384,40.48106787416528,-3.6933504628706095
1908,Centro Sociocultural Valverde (Fuencarral - El Pardo),Not informed Value,Centro: de lunes a viernes de 9 a 14 y de 16:30 a 22 h  Secretaría: de lunes a viernes de 9 a 13:30 y de 16:30 a 18:30 h.,1,http://www.madrid.es/sites/v/index.jsp?vgnextchannel=bfa48ab43d6bb410VgnVCM100000171f5a0aRCRD&vgnextoid=f04c1e79ee71c010VgnVCM1000000b205a0aRCRD,ISLAS AZORES,PLAZA,V,1,MADRID,MADRID,28034,6,VALVERDE,8,Fuencarral-El Pardo,https://wikidata.org/entity/Q656196,441699,4482933,40.49504564211655,-3.6880070256093758
4679597,Centro Sociocultural Vicálvaro,Not informed Value,"De lunes a viernes, de 9 a 14 horas y de 17 a 19 horas.  De 15 junio a 31 julio y de 1 a 15 septiembre, de lunes a viernes, de 9 a 14 horas. Semana San Isidro, de lunes a viernes, de 9 a 14 horas. Agosto cerrado.  Fuera de este horario el centro permanecerá abierto durante la celebración de las actividades que se programen.",0,http://www.madrid.es/sites/v/index.jsp?vgnextchannel=bfa48ab43d6bb410VgnVCM100000171f5a0aRCRD&vgnextoid=05ec3ef2c5ff5110VgnVCM1000000b205a0aRCRD,LAGO TITICACA,CALLE,V,10,MADRID,MADRID,28032,1,CASCO H.VICALVARO,19,Vicálvaro,https://wikidata.org/entity/Q589403,448368,4472576,40.40219442341818,-3.6084585863003733
1996,Centro Sociocultural Ágata (Villaverde),Not informed Value,El horario del Centro Sociocultural Ágata es: de lunes a viernes de 8:30 a 21:30 horas  y los sábados de 9:30 a 13:30 horas. El horario de secretaría es: de lunes a viernes de 9:00  a 13:30 horas  y  el horario de tarde lunes miércoles y jueves de 17:00 a 19:30 horas.  Durante el mes de  julio  y Navidad el horario de secretaría será  de 9:00 a 14:00 horas.  Teléfono del Centro Sociocultural: 91 710 93 00. Teléfono de Secretaría: 91 710 92 00.,1,http://www.madrid.es/sites/v/index.jsp?vgnextchannel=bfa48ab43d6bb410VgnVCM100000171f5a0aRCRD&vgnextoid=d9743d0b5e71c010VgnVCM1000000b205a0aRCRD,DOCTOR MARTIN AREVALO,CALLE,V,2,MADRID,MADRID,28021,,SAN ANDRES,,Villaverde,https://wikidata.org/entity/Q919536,442001,4471735,40.34636268334182,-3.708524395897377
1916,Centro de Cultura Contemporánea Conde Duque,"El Centro de Cultura Contemporánea Condeduque, de adscripción municipal, se plantea como un espacio de acceso a la cultura contemporánea a través de una programación diversa e innovadora. Un lugar de vida, un centro público para difundir y compartir prácticas artísticas y culturales, abierto a toda la ciudadanía de Madrid.","Centro: lunes a sábado, de 9 a 21 horas. Domingos y festivos, de 10:30 a 14 horas. Lunes, cerrados las salas exposiciones y las taquillas. Cerrado 24, 25 y 31 diciembre y 1 enero.   Exposiciones: martes a sábado, de 10 a 14 y de 17:30 a 21 horas. Domingos y festivos, de 10:30 a 14 hotas.   Taquilla: de 17:30 a 20:30 horas, de martes a viernes. Los fines de semana la taquilla abrirá dos horas antes del inicio de la función.",1,http://www.madrid.es/sites/v/index.jsp?vgnextchannel=bfa48ab43d6bb410VgnVCM100000171f5a0aRCRD&vgnextoid=64463d0b5e71c010VgnVCM1000000b205a0aRCRD,CONDE DUQUE,CALLE,V,9,MADRID,MADRID,28015,5,UNIVERSIDAD,1,Centro,https://wikidata.org/entity/Q1763376,439723,4475438,40.42739911262292,-3.710589286287491
11526686,Centro de Educación Ambiental y Cultural Maris Stella (Usera),Not informed Value,"Octubre a marzo   De martes a sábado de 10 a 14 y 15:30 a 18 horas. Domingos  y festivos, de 10 a 14:0 horas.   Abril, mayo, junio y septiembre   De martes a sábado, de 10 a 14 y de 17 a 19:30 horas.  Domingos  y festivos, de 10 a 14 horas.    Julio   De martes a domingo y festivos, de 10 a 14 horas.   Agosto cerrado.",1,http://www.madrid.es/sites/v/index.jsp?vgnextchannel=bfa48ab43d6bb410VgnVCM100000171f5a0aRCRD&vgnextoid=85205619bc23d710VgnVCM2000001f4a900aRCRD,DOCTOR TOLOSA LATOUR,CALLE,V,16,MADRID,MADRID,28026,7,PRADOLONGO,12,Usera,https://wikidata.org/entity/Q953368,440301,4469524,40.374166248648216,-3.7032220308808577
6013703,CentroCentro,"CentroCentro es un centro público de cultura y ocio conectado con la ciudad y la vida urbana, ubicado en el emblemático Palacio de Cibeles, antiguo Palacio de Comunicaciones, sede actual del Ayuntamiento de Madrid. Su propuesta plantea el diálogo entre disciplinas &amp;ndash;diseño, ilustración, arte, fotografía, urbanismo, arquitectura, música, literatura, historia&amp;ndash; con el objetivo de activar el pensamiento crítico ante los desafíos del presente y del futuro. Su programación busca generar nuevos modos de relacionarnos con la cultura, desde la reflexión intelectual y desde la diversión, provocando la curiosidad de un público cada vez más diverso. CentroCentro un espacio vivo y efervescente. Lo vertebran: la arquitectura y la historia que lo envuelven, la creatividad que llena sus salas y las actividades que hacen vibrar el palacio. En CentroCentro hay exposiciones, conciertos, talleres, visitas guiadas, eventos, el Centro de Interpretación del Paisaje de la Luz, un punto de información turística, tienda, cafetería y restaurante, áreas sociales y un mirador con vistas únicas. Aquí siempre encontrarás un buen plan. CentroCentro hace de Madrid su foco y materia básica de estudio; tarjeta de presentación de la ciudad, desde el corazón del Paseo del Arte, quiere ser la mejor estación de llegada y de partida para conocer y sentir su pulso cultural.","Exposiciones   Martes a domingo: de 10 a  20 horas. Las salas se desalojarán 15 minutos antes del cierre del centro. Cerrado todos los lunes, 1 y 6 de enero, 1 de mayo y 24, 25 y 31 de diciembre. 5 de enero abierto en horario de mañana.",1,http://www.madrid.es/sites/v/index.jsp?vgnextchannel=bfa48ab43d6bb410VgnVCM100000171f5a0aRCRD&vgnextoid=5ff519cd7bcee210VgnVCM1000000b205a0aRCRD,CIBELES,PLAZA,V,1,MADRID,MADRID,28014,5,LOS JERONIMOS,3,Retiro,https://wikidata.org/entity/Q2002296,441277,4474496,40.41902261618159,-3.692188193693138
10799518,Espacio Abierto Quinta de los Molinos,Not informed Value,"De 10 a 20 horas, de miércoles a domingos. Horario de verano (julio y agosto): De 10 a 21 horas, de miércoles a domingos. Festivos cerrado.","1,6",http://www.madrid.es/sites/v/index.jsp?vgnextchannel=bfa48ab43d6bb410VgnVCM100000171f5a0aRCRD&vgnextoid=80ddc8acadd56610VgnVCM2000001f4a900aRCRD,JUAN IGNACIO LUCA DE TENA,CALLE,V,20,MADRID,MADRID,28027,8,EL SALVADOR,20,San Blas-Canillejas,https://wikidata.org/entity/Q2001937,446636,4477644,40.44774002225867,-3.6292874542291638
11575320,"Espacio Cultural Núñez de Balboa, 40 (Salamanca)",Not informed Value,"Horario de atención al público:  De lunes a viernes de 7:45 a 20:45 horas. Sábados de 9:30 a 14 horas y de 16 a 20:45 horas. Domingos de 9:30 a 20:45 horas.  Julio, agosto y septiembre:  De lunes a viernes: horario de apertura al publico 7:45 a 20:45 horas. Sábados y domingos cerrado.  Fuera de este horario el centro permanecerá abierto durante la celebración de las actividades que se programen.",1,http://www.madrid.es/sites/v/index.jsp?vgnextchannel=bfa48ab43d6bb410VgnVCM100000171f5a0aRCRD&vgnextoid=aab225880cd6e710VgnVCM2000001f4a900aRCRD,NUÑEZ DE BALBOA,CALLE,V,40,MADRID,MADRID,28001,1,RECOLETOS,4,Salamanca,https://wikidata.org/entity/Q1773521,442103,4475356,40.426826159507435,-3.6825349481985135
11681451,Espacio Cultural Serrería Belga,"Este nuevo centro cultural del Ayuntamiento de Madrid tiene como objetivo convertirse en un punto de encuentro para agentes y profesionales de la cultura y en un referente municipal en el entorno cultural del Paseo del Arte y el Barrio de las Letras, donde se encuentra situado. Sus instalaciones son el escaparate perfecto para mostrar el dinamismo creativo madrileño en torno al arte, la música, el diseño, la literatura, la imagen y la gastrocultura.  El singular edificio de arquitectura industrial, construido en el primer cuarto del siglo XX, que acoge este espacio fue la sede de la antigua Serrería Belga. Un importante ejemplo de construcción industrial que forma parte de la lista de inmuebles destacados que componen el Paisaje de la Luz madrileño, reconocido como Patrimonio de la Humanidad por la UNESCO desde el 25 de julio de 2021. Tras una profunda reforma, sus cerca de 4000 m2 se dedicarán a ofrecer una amplia oferta cultural, destacando una planta completa de más de 300 m2 para exposiciones artísticas y una amplia zona dedicada a la poesía, la literatura y al papel de Madrid como capital literaria a lo largo de los siglos. Todas las actividades del Espacio Cultural Serrería Belga son gratuitas.  Para aquellas actividades que requieran acceso con entrada consultar www.serreria-belga.es",Not informed Value,1,http://www.madrid.es/sites/v/index.jsp?vgnextchannel=bfa48ab43d6bb410VgnVCM100000171f5a0aRCRD&vgnextoid=c3c0f13cd18a0810VgnVCM1000001d4a900aRCRD,ALAMEDA,CALLE,V,15,MADRID,MADRID,28014,3,CORTES,1,Centro,https://wikidata.org/entity/Q1763376,441134,4473558,40.4105673503608,-3.6937819843413373
10915700,Espacio Polivalente Embajadores,Not informed Value,Not informed Value,0,http://www.madrid.es/sites/v/index.jsp?vgnextchannel=bfa48ab43d6bb410VgnVCM100000171f5a0aRCRD&vgnextoid=a0103e641a099610VgnVCM1000001d4a900aRCRD,EMBAJADORES,CALLE,V,18,MADRID,MADRID,28012,2,EMBAJADORES,1,Centro,https://wikidata.org/entity/Q1763376,440080,4473475,40.40974351501623,-3.7062002853639266
1915,Fernán Gómez Centro Cultural de la Villa,Not informed Value,Not informed Value,"1,6",http://www.madrid.es/sites/v/index.jsp?vgnextchannel=bfa48ab43d6bb410VgnVCM100000171f5a0aRCRD&vgnextoid=ba663d0b5e71c010VgnVCM1000000b205a0aRCRD,COLON,PLAZA,V,4,MADRID,MADRID,28001,1,RECOLETOS,4,Salamanca,https://wikidata.org/entity/Q1773521,441472,4475155,40.4249721516942,-3.689948085098791
4684678,Matadero Madrid,Not informed Value,"Punto de información al visitante: de lunes a domingo, de 9:30 a 21:30 horas. Plaza Matadero, calle Matadero y Placita, entrada libre de lunes a domingo, de 9 a 22 horas. Más información en Matadero Madrid",1,http://www.madrid.es/sites/v/index.jsp?vgnextchannel=bfa48ab43d6bb410VgnVCM100000171f5a0aRCRD&vgnextoid=ef686a9ee7336110VgnVCM1000000b205a0aRCRD,LEGAZPI,PLAZA,V,8,MADRID,MADRID,28045,3,CHOPERA,2,Arganzuela,https://wikidata.org/entity/Q2000929,440946,4471422,40.39130985242181,-3.6958028442054074
4776440,Medialab en Matadero. Matadero Madrid,"Medialab Matadero es un programa del Área de Gobierno de Cultura, Turismo y Deporte del Ayuntamiento de Madrid creado en 2002. Ubicado en un espacio cultural único, el centro de creación contemporánea Matadero Madrid, Medialab Matadero es una plataforma institucional de investigación, creación y producción experimental impulsada por la dinámica del Procomún.",Not informed Value,1,http://www.madrid.es/sites/v/index.jsp?vgnextchannel=bfa48ab43d6bb410VgnVCM100000171f5a0aRCRD&vgnextoid=79f59dacff4d7110VgnVCM1000000b205a0aRCRD,CHOPERA,PASEO,V,14,MADRID,MADRID,28045,3,CHOPERA,2,Arganzuela,https://wikidata.org/entity/Q2000929,440828,4471551,40.39245798191536,-3.6972067902718897
10189992,Nave de Terneras del Centro Cultural Casa del Reloj,Not informed Value,Agosto cerrado.,1,http://www.madrid.es/sites/v/index.jsp?vgnextchannel=bfa48ab43d6bb410VgnVCM100000171f5a0aRCRD&vgnextoid=6c5c625c0d168510VgnVCM1000001d4a900aRCRD,CHOPERA,PASEO,V,10,MADRID,MADRID,28045,3,CHOPERA,2,Arganzuela,https://wikidata.org/entity/Q2000929,440713,4471660,40.393432756132874,-3.6985778802913103
11956343,Sala de exposiciones La Lonja. Centro Cultural Casa del Reloj (Arganzuela),Not informed Value,De lunes a sábado de 9 a 21 horas,1,http://www.madrid.es/sites/v/index.jsp?vgnextchannel=bfa48ab43d6bb410VgnVCM100000171f5a0aRCRD&vgnextoid=3de6d4ddebac6810VgnVCM1000001d4a900aRCRD,CHOPERA,PASEO,V,10,MADRID,MADRID,28045,3,CHOPERA,2,Arganzuela,https://wikidata.org/entity/Q2000929,440676,4471620,40.39307289237465,-3.699005654074825
11601456,Salas de ensayo Pau Donés y Luis Eduardo Aute (Salamanca),Sala 1: Pau Donés  Sala 2: Luis Eduardo Aute,"Viernes, de 16 a 21 horas. Sábado, de 11 a 14 y de 16 a 21 horas.","1,5",http://www.madrid.es/sites/v/index.jsp?vgnextchannel=bfa48ab43d6bb410VgnVCM100000171f5a0aRCRD&vgnextoid=3f00d661fc60f710VgnVCM1000001d4a900aRCRD,ALCALDE SAINZ DE BARANDA,CALLE,V,94,MADRID,MADRID,28007,3,FUENTE DEL BERRO,4,Salamanca,https://wikidata.org/entity/Q1773521,443945,4474719,40.42121783502117,-3.6607653462118437
11701924,Salón y sala de exposiciones en Junta Municipal de Usera,Not informed Value,"De lunes a viernes, de 9 a 13 y de 17 a 19:30 horas (en Centro cultural Usera I).  Agosto cerrado.  Fuera de este horario el centro permanecerá abierto durante la celebración de las actividades que se programen.",2,http://www.madrid.es/sites/v/index.jsp?vgnextchannel=bfa48ab43d6bb410VgnVCM100000171f5a0aRCRD&vgnextoid=5fb8370bbde11810VgnVCM1000001d4a900aRCRD,RAFAELA YBARRA,AVENIDA,V,41,MADRID,MADRID,28026,7,PRADOLONGO,12,Usera,https://wikidata.org/entity/Q953368,439660,4470442,40.3823867401053,-3.710861696949648
,,Not informed Value,Not informed Value,,,,,,,,,,,,,,,,,,
