File,Nombre_Distrito,Wikidata_Distrito,N_Distrito,Nombre_Especie,Wikidata_Especies,N_Unidades 2022,ID_Parque_Canino,N_Barrio,Nombre_Barrio,Wikidata_Barrio,Direccion,Wikidata_Direccion
01_ArboladoZonasVerdesDistritosCalles_2022.csv,Centro,https://wikidata.org/entity/Q1763376,01,Ligustrum japonicum,https://wikidata.org/entity/Q1209219,2592,,,,,,
01_ArboladoZonasVerdesDistritosCalles_2022.csv,Centro,https://wikidata.org/entity/Q1763376,01,Styphnolobium japonicum,https://wikidata.org/entity/Q288558,1579,,,,,,
01_ArboladoZonasVerdesDistritosCalles_2022.csv,Centro,https://wikidata.org/entity/Q1763376,01,Platanus × hispanica,https://wikidata.org/entity/Q161374,1412,,,,,,
01_ArboladoZonasVerdesDistritosCalles_2022.csv,Centro,https://wikidata.org/entity/Q1763376,01,Aesculus hippocastanum,https://wikidata.org/entity/Q26899,503,,,,,,
01_ArboladoZonasVerdesDistritosCalles_2022.csv,Centro,https://wikidata.org/entity/Q1763376,01,Prunus cerasifera  subsp. pissardii,,419,,,,,,
01_ArboladoZonasVerdesDistritosCalles_2022.csv,Centro,https://wikidata.org/entity/Q1763376,01,Pyrus calleryana 'Chanticleer',,400,,,,,,
01_ArboladoZonasVerdesDistritosCalles_2022.csv,Centro,https://wikidata.org/entity/Q1763376,01,Ulmus pumila,,332,,,,,,
01_ArboladoZonasVerdesDistritosCalles_2022.csv,Centro,https://wikidata.org/entity/Q1763376,01,Cercis siliquastrum,https://wikidata.org/entity/Q29488,316,,,,,,
01_ArboladoZonasVerdesDistritosCalles_2022.csv,Centro,https://wikidata.org/entity/Q1763376,01,Ligustrum japonicum 'Variegatum',,300,,,,,,
01_ArboladoZonasVerdesDistritosCalles_2022.csv,Centro,https://wikidata.org/entity/Q1763376,01,Otros,,3958,,,,,,
01_ArboladoZonasVerdesDistritosCalles_2022.csv,,,,Total,,11811,,,,,,
01_ArboladoZonasVerdesDistritosCalles_2022.csv,Arganzuela,https://wikidata.org/entity/Q2000929,02,Platanus × hispanica,https://wikidata.org/entity/Q161374,3449,,,,,,
01_ArboladoZonasVerdesDistritosCalles_2022.csv,Arganzuela,https://wikidata.org/entity/Q2000929,02,Styphnolobium japonicum,https://wikidata.org/entity/Q288558,2373,,,,,,
01_ArboladoZonasVerdesDistritosCalles_2022.csv,Arganzuela,https://wikidata.org/entity/Q2000929,02,Celtis australis,https://wikidata.org/entity/Q255375,1668,,,,,,
01_ArboladoZonasVerdesDistritosCalles_2022.csv,Arganzuela,https://wikidata.org/entity/Q2000929,02,Ligustrum japonicum,https://wikidata.org/entity/Q1209219,1269,,,,,,
01_ArboladoZonasVerdesDistritosCalles_2022.csv,Arganzuela,https://wikidata.org/entity/Q2000929,02,Pinus pinea,https://wikidata.org/entity/Q106094,1253,,,,,,
01_ArboladoZonasVerdesDistritosCalles_2022.csv,Arganzuela,https://wikidata.org/entity/Q2000929,02,Ulmus pumila,,1236,,,,,,
01_ArboladoZonasVerdesDistritosCalles_2022.csv,Arganzuela,https://wikidata.org/entity/Q2000929,02,Robinia pseudoacacia,,1224,,,,,,
01_ArboladoZonasVerdesDistritosCalles_2022.csv,Arganzuela,https://wikidata.org/entity/Q2000929,02,Acer negundo,https://wikidata.org/entity/Q161166,1174,,,,,,
01_ArboladoZonasVerdesDistritosCalles_2022.csv,Arganzuela,https://wikidata.org/entity/Q2000929,02,Melia azedarach,https://wikidata.org/entity/Q162171,1096,,,,,,
01_ArboladoZonasVerdesDistritosCalles_2022.csv,Arganzuela,https://wikidata.org/entity/Q2000929,02,Prunus cerasifera  subsp. pissardii,,674,,,,,,
01_ArboladoZonasVerdesDistritosCalles_2022.csv,Arganzuela,https://wikidata.org/entity/Q2000929,02,Gleditsia triacanthos,https://wikidata.org/entity/Q157650,670,,,,,,
01_ArboladoZonasVerdesDistritosCalles_2022.csv,Arganzuela,https://wikidata.org/entity/Q2000929,02,Otros,,7597,,,,,,
01_ArboladoZonasVerdesDistritosCalles_2022.csv,,,,Total,,23683,,,,,,
01_ArboladoZonasVerdesDistritosCalles_2022.csv,Retiro,https://wikidata.org/entity/Q2002296,03,Platanus × hispanica,https://wikidata.org/entity/Q161374,2616,,,,,,
01_ArboladoZonasVerdesDistritosCalles_2022.csv,Retiro,https://wikidata.org/entity/Q2002296,03,Styphnolobium japonicum,https://wikidata.org/entity/Q288558,2347,,,,,,
01_ArboladoZonasVerdesDistritosCalles_2022.csv,Retiro,https://wikidata.org/entity/Q2002296,03,Ulmus pumila,,1884,,,,,,
01_ArboladoZonasVerdesDistritosCalles_2022.csv,Retiro,https://wikidata.org/entity/Q2002296,03,Ligustrum japonicum,https://wikidata.org/entity/Q1209219,934,,,,,,
01_ArboladoZonasVerdesDistritosCalles_2022.csv,Retiro,https://wikidata.org/entity/Q2002296,03,Pinus pinea,https://wikidata.org/entity/Q106094,779,,,,,,
01_ArboladoZonasVerdesDistritosCalles_2022.csv,Retiro,https://wikidata.org/entity/Q2002296,03,Robinia pseudoacacia,,549,,,,,,
01_ArboladoZonasVerdesDistritosCalles_2022.csv,Retiro,https://wikidata.org/entity/Q2002296,03,Celtis australis,https://wikidata.org/entity/Q255375,502,,,,,,
01_ArboladoZonasVerdesDistritosCalles_2022.csv,Retiro,https://wikidata.org/entity/Q2002296,03,Cupressus × leylandii,https://wikidata.org/entity/Q1290970,418,,,,,,
01_ArboladoZonasVerdesDistritosCalles_2022.csv,Retiro,https://wikidata.org/entity/Q2002296,03,Cupressus sempervirens,https://wikidata.org/entity/Q147513,416,,,,,,
01_ArboladoZonasVerdesDistritosCalles_2022.csv,Retiro,https://wikidata.org/entity/Q2002296,03,Liquidambar styraciflua,https://wikidata.org/entity/Q469652,368,,,,,,
01_ArboladoZonasVerdesDistritosCalles_2022.csv,Retiro,https://wikidata.org/entity/Q2002296,03,Cupressus arizonica,https://wikidata.org/entity/Q670040,333,,,,,,
01_ArboladoZonasVerdesDistritosCalles_2022.csv,Retiro,https://wikidata.org/entity/Q2002296,03,Aesculus hippocastanum,https://wikidata.org/entity/Q26899,296,,,,,,
01_ArboladoZonasVerdesDistritosCalles_2022.csv,Retiro,https://wikidata.org/entity/Q2002296,03,Prunus cerasifera  subsp. pissardii,,287,,,,,,
01_ArboladoZonasVerdesDistritosCalles_2022.csv,Retiro,https://wikidata.org/entity/Q2002296,03,Otros,,2944,,,,,,
01_ArboladoZonasVerdesDistritosCalles_2022.csv,,,,Total,,14673,,,,,,
01_ArboladoZonasVerdesDistritosCalles_2022.csv,Salamanca,https://wikidata.org/entity/Q1773521,04,Styphnolobium japonicum,https://wikidata.org/entity/Q288558,5843,,,,,,
01_ArboladoZonasVerdesDistritosCalles_2022.csv,Salamanca,https://wikidata.org/entity/Q1773521,04,Platanus × hispanica,https://wikidata.org/entity/Q161374,2438,,,,,,
01_ArboladoZonasVerdesDistritosCalles_2022.csv,Salamanca,https://wikidata.org/entity/Q1773521,04,Ligustrum japonicum,https://wikidata.org/entity/Q1209219,1808,,,,,,
01_ArboladoZonasVerdesDistritosCalles_2022.csv,Salamanca,https://wikidata.org/entity/Q1773521,04,Ulmus pumila,,855,,,,,,
01_ArboladoZonasVerdesDistritosCalles_2022.csv,Salamanca,https://wikidata.org/entity/Q1773521,04,Pinus pinea,https://wikidata.org/entity/Q106094,728,,,,,,
01_ArboladoZonasVerdesDistritosCalles_2022.csv,Salamanca,https://wikidata.org/entity/Q1773521,04,Aesculus hippocastanum,https://wikidata.org/entity/Q26899,666,,,,,,
01_ArboladoZonasVerdesDistritosCalles_2022.csv,Salamanca,https://wikidata.org/entity/Q1773521,04,Robinia pseudoacacia,,538,,,,,,
01_ArboladoZonasVerdesDistritosCalles_2022.csv,Salamanca,https://wikidata.org/entity/Q1773521,04,Prunus cerasifera  subsp. pissardii,,491,,,,,,
01_ArboladoZonasVerdesDistritosCalles_2022.csv,Salamanca,https://wikidata.org/entity/Q1773521,04,Acer negundo,https://wikidata.org/entity/Q161166,387,,,,,,
01_ArboladoZonasVerdesDistritosCalles_2022.csv,Salamanca,https://wikidata.org/entity/Q1773521,04,Melia azedarach,https://wikidata.org/entity/Q162171,362,,,,,,
01_ArboladoZonasVerdesDistritosCalles_2022.csv,Salamanca,https://wikidata.org/entity/Q1773521,04,Otros,,5714,,,,,,
01_ArboladoZonasVerdesDistritosCalles_2022.csv,,,,Total,,19830,,,,,,
01_ArboladoZonasVerdesDistritosCalles_2022.csv,Chamartín,https://wikidata.org/entity/Q1766348,05,Platanus × hispanica,https://wikidata.org/entity/Q161374,6070,,,,,,
01_ArboladoZonasVerdesDistritosCalles_2022.csv,Chamartín,https://wikidata.org/entity/Q1766348,05,Styphnolobium japonicum,https://wikidata.org/entity/Q288558,3709,,,,,,
01_ArboladoZonasVerdesDistritosCalles_2022.csv,Chamartín,https://wikidata.org/entity/Q1766348,05,Ulmus pumila,,2535,,,,,,
01_ArboladoZonasVerdesDistritosCalles_2022.csv,Chamartín,https://wikidata.org/entity/Q1766348,05,Pinus pinea,https://wikidata.org/entity/Q106094,1254,,,,,,
01_ArboladoZonasVerdesDistritosCalles_2022.csv,Chamartín,https://wikidata.org/entity/Q1766348,05,Celtis australis,https://wikidata.org/entity/Q255375,1197,,,,,,
01_ArboladoZonasVerdesDistritosCalles_2022.csv,Chamartín,https://wikidata.org/entity/Q1766348,05,Robinia pseudoacacia,,1115,,,,,,
01_ArboladoZonasVerdesDistritosCalles_2022.csv,Chamartín,https://wikidata.org/entity/Q1766348,05,Ligustrum japonicum,https://wikidata.org/entity/Q1209219,927,,,,,,
01_ArboladoZonasVerdesDistritosCalles_2022.csv,Chamartín,https://wikidata.org/entity/Q1766348,05,Prunus cerasifera  subsp. pissardii,,909,,,,,,
01_ArboladoZonasVerdesDistritosCalles_2022.csv,Chamartín,https://wikidata.org/entity/Q1766348,05,Melia azedarach,https://wikidata.org/entity/Q162171,760,,,,,,
01_ArboladoZonasVerdesDistritosCalles_2022.csv,Chamartín,https://wikidata.org/entity/Q1766348,05,Aesculus hippocastanum,https://wikidata.org/entity/Q26899,645,,,,,,
01_ArboladoZonasVerdesDistritosCalles_2022.csv,Chamartín,https://wikidata.org/entity/Q1766348,05,Populus alba 'Bolleana',,563,,,,,,
01_ArboladoZonasVerdesDistritosCalles_2022.csv,Chamartín,https://wikidata.org/entity/Q1766348,05,Otros,,6068,,,,,,
01_ArboladoZonasVerdesDistritosCalles_2022.csv,,,,Total,,25752,,,,,,
01_ArboladoZonasVerdesDistritosCalles_2022.csv,Tetuán,https://wikidata.org/entity/Q1773540,06,Platanus × hispanica,https://wikidata.org/entity/Q161374,4619,,,,,,
01_ArboladoZonasVerdesDistritosCalles_2022.csv,Tetuán,https://wikidata.org/entity/Q1773540,06,Ligustrum japonicum,https://wikidata.org/entity/Q1209219,901,,,,,,
01_ArboladoZonasVerdesDistritosCalles_2022.csv,Tetuán,https://wikidata.org/entity/Q1773540,06,Ulmus pumila,,791,,,,,,
01_ArboladoZonasVerdesDistritosCalles_2022.csv,Tetuán,https://wikidata.org/entity/Q1773540,06,Prunus cerasifera  subsp. pissardii,,680,,,,,,
01_ArboladoZonasVerdesDistritosCalles_2022.csv,Tetuán,https://wikidata.org/entity/Q1773540,06,Styphnolobium japonicum,https://wikidata.org/entity/Q288558,533,,,,,,
01_ArboladoZonasVerdesDistritosCalles_2022.csv,Tetuán,https://wikidata.org/entity/Q1773540,06,Melia azedarach,https://wikidata.org/entity/Q162171,521,,,,,,
01_ArboladoZonasVerdesDistritosCalles_2022.csv,Tetuán,https://wikidata.org/entity/Q1773540,06,Celtis australis,https://wikidata.org/entity/Q255375,497,,,,,,
01_ArboladoZonasVerdesDistritosCalles_2022.csv,Tetuán,https://wikidata.org/entity/Q1773540,06,Cupressus sempervirens,https://wikidata.org/entity/Q147513,497,,,,,,
01_ArboladoZonasVerdesDistritosCalles_2022.csv,Tetuán,https://wikidata.org/entity/Q1773540,06,Pinus pinea,https://wikidata.org/entity/Q106094,496,,,,,,
01_ArboladoZonasVerdesDistritosCalles_2022.csv,Tetuán,https://wikidata.org/entity/Q1773540,06,Aesculus hippocastanum,https://wikidata.org/entity/Q26899,453,,,,,,
01_ArboladoZonasVerdesDistritosCalles_2022.csv,Tetuán,https://wikidata.org/entity/Q1773540,06,Otros,,5000,,,,,,
01_ArboladoZonasVerdesDistritosCalles_2022.csv,,,,Total,,14988,,,,,,
01_ArboladoZonasVerdesDistritosCalles_2022.csv,Chamberí,https://wikidata.org/entity/Q1763370,07,Styphnolobium japonicum,https://wikidata.org/entity/Q288558,5735,,,,,,
01_ArboladoZonasVerdesDistritosCalles_2022.csv,Chamberí,https://wikidata.org/entity/Q1763370,07,Platanus × hispanica,https://wikidata.org/entity/Q161374,1729,,,,,,
01_ArboladoZonasVerdesDistritosCalles_2022.csv,Chamberí,https://wikidata.org/entity/Q1763370,07,Ulmus pumila,,810,,,,,,
01_ArboladoZonasVerdesDistritosCalles_2022.csv,Chamberí,https://wikidata.org/entity/Q1763370,07,Celtis australis,https://wikidata.org/entity/Q255375,783,,,,,,
01_ArboladoZonasVerdesDistritosCalles_2022.csv,Chamberí,https://wikidata.org/entity/Q1763370,07,Ligustrum japonicum,https://wikidata.org/entity/Q1209219,610,,,,,,
01_ArboladoZonasVerdesDistritosCalles_2022.csv,Chamberí,https://wikidata.org/entity/Q1763370,07,Melia azedarach,https://wikidata.org/entity/Q162171,513,,,,,,
01_ArboladoZonasVerdesDistritosCalles_2022.csv,Chamberí,https://wikidata.org/entity/Q1763370,07,Robinia pseudoacacia,,306,,,,,,
01_ArboladoZonasVerdesDistritosCalles_2022.csv,Chamberí,https://wikidata.org/entity/Q1763370,07,Koelreuteria paniculata,https://wikidata.org/entity/Q844835,274,,,,,,
01_ArboladoZonasVerdesDistritosCalles_2022.csv,Chamberí,https://wikidata.org/entity/Q1763370,07,Aesculus hippocastanum,https://wikidata.org/entity/Q26899,265,,,,,,
01_ArboladoZonasVerdesDistritosCalles_2022.csv,Chamberí,https://wikidata.org/entity/Q1763370,07,Prunus cerasifera  subsp. pissardii,,251,,,,,,
01_ArboladoZonasVerdesDistritosCalles_2022.csv,Chamberí,https://wikidata.org/entity/Q1763370,07,Cercis siliquastrum,https://wikidata.org/entity/Q29488,203,,,,,,
01_ArboladoZonasVerdesDistritosCalles_2022.csv,Chamberí,https://wikidata.org/entity/Q1763370,07,Fraxinus angustifolia,,176,,,,,,
01_ArboladoZonasVerdesDistritosCalles_2022.csv,Chamberí,https://wikidata.org/entity/Q1763370,07,Otros,,1983,,,,,,
01_ArboladoZonasVerdesDistritosCalles_2022.csv,,,,Total,,13638,,,,,,
01_ArboladoZonasVerdesDistritosCalles_2022.csv,Fuencarral-El Pardo,https://wikidata.org/entity/Q656196,08,Platanus × hispanica,https://wikidata.org/entity/Q161374,9427,,,,,,
01_ArboladoZonasVerdesDistritosCalles_2022.csv,Fuencarral-El Pardo,https://wikidata.org/entity/Q656196,08,Ulmus pumila,,4918,,,,,,
01_ArboladoZonasVerdesDistritosCalles_2022.csv,Fuencarral-El Pardo,https://wikidata.org/entity/Q656196,08,Celtis australis,https://wikidata.org/entity/Q255375,3988,,,,,,
01_ArboladoZonasVerdesDistritosCalles_2022.csv,Fuencarral-El Pardo,https://wikidata.org/entity/Q656196,08,Pinus pinea,https://wikidata.org/entity/Q106094,3078,,,,,,
01_ArboladoZonasVerdesDistritosCalles_2022.csv,Fuencarral-El Pardo,https://wikidata.org/entity/Q656196,08,Robinia pseudoacacia,,2401,,,,,,
01_ArboladoZonasVerdesDistritosCalles_2022.csv,Fuencarral-El Pardo,https://wikidata.org/entity/Q656196,08,Melia azedarach,https://wikidata.org/entity/Q162171,2209,,,,,,
01_ArboladoZonasVerdesDistritosCalles_2022.csv,Fuencarral-El Pardo,https://wikidata.org/entity/Q656196,08,Prunus cerasifera  subsp. pissardii,,1846,,,,,,
01_ArboladoZonasVerdesDistritosCalles_2022.csv,Fuencarral-El Pardo,https://wikidata.org/entity/Q656196,08,Styphnolobium japonicum,https://wikidata.org/entity/Q288558,1704,,,,,,
01_ArboladoZonasVerdesDistritosCalles_2022.csv,Fuencarral-El Pardo,https://wikidata.org/entity/Q656196,08,Acer negundo,https://wikidata.org/entity/Q161166,1587,,,,,,
01_ArboladoZonasVerdesDistritosCalles_2022.csv,Fuencarral-El Pardo,https://wikidata.org/entity/Q656196,08,Morus alba,,1404,,,,,,
01_ArboladoZonasVerdesDistritosCalles_2022.csv,Fuencarral-El Pardo,https://wikidata.org/entity/Q656196,08,Populus × canadensis,https://wikidata.org/entity/Q149622,1257,,,,,,
01_ArboladoZonasVerdesDistritosCalles_2022.csv,Fuencarral-El Pardo,https://wikidata.org/entity/Q656196,08,Aesculus hippocastanum,https://wikidata.org/entity/Q26899,1238,,,,,,
01_ArboladoZonasVerdesDistritosCalles_2022.csv,Fuencarral-El Pardo,https://wikidata.org/entity/Q656196,08,Cupressus sempervirens,https://wikidata.org/entity/Q147513,1172,,,,,,
01_ArboladoZonasVerdesDistritosCalles_2022.csv,Fuencarral-El Pardo,https://wikidata.org/entity/Q656196,08,Ligustrum japonicum,https://wikidata.org/entity/Q1209219,1007,,,,,,
01_ArboladoZonasVerdesDistritosCalles_2022.csv,Fuencarral-El Pardo,https://wikidata.org/entity/Q656196,08,Otros,,19696,,,,,,
01_ArboladoZonasVerdesDistritosCalles_2022.csv,,,,Total,,56932,,,,,,
01_ArboladoZonasVerdesDistritosCalles_2022.csv,Moncloa-Aravaca,https://wikidata.org/entity/Q2017682,09,Platanus × hispanica,https://wikidata.org/entity/Q161374,5114,,,,,,
01_ArboladoZonasVerdesDistritosCalles_2022.csv,Moncloa-Aravaca,https://wikidata.org/entity/Q2017682,09,Styphnolobium japonicum,https://wikidata.org/entity/Q288558,2741,,,,,,
01_ArboladoZonasVerdesDistritosCalles_2022.csv,Moncloa-Aravaca,https://wikidata.org/entity/Q2017682,09,Ulmus pumila,,2219,,,,,,
01_ArboladoZonasVerdesDistritosCalles_2022.csv,Moncloa-Aravaca,https://wikidata.org/entity/Q2017682,09,Acer negundo,https://wikidata.org/entity/Q161166,1746,,,,,,
01_ArboladoZonasVerdesDistritosCalles_2022.csv,Moncloa-Aravaca,https://wikidata.org/entity/Q2017682,09,Pinus pinea,https://wikidata.org/entity/Q106094,1742,,,,,,
01_ArboladoZonasVerdesDistritosCalles_2022.csv,Moncloa-Aravaca,https://wikidata.org/entity/Q2017682,09,Robinia pseudoacacia,,1204,,,,,,
01_ArboladoZonasVerdesDistritosCalles_2022.csv,Moncloa-Aravaca,https://wikidata.org/entity/Q2017682,09,Cupressus sempervirens,https://wikidata.org/entity/Q147513,1203,,,,,,
01_ArboladoZonasVerdesDistritosCalles_2022.csv,Moncloa-Aravaca,https://wikidata.org/entity/Q2017682,09,Catalpa bignonioides,https://wikidata.org/entity/Q163831,955,,,,,,
01_ArboladoZonasVerdesDistritosCalles_2022.csv,Moncloa-Aravaca,https://wikidata.org/entity/Q2017682,09,Celtis australis,https://wikidata.org/entity/Q255375,881,,,,,,
01_ArboladoZonasVerdesDistritosCalles_2022.csv,Moncloa-Aravaca,https://wikidata.org/entity/Q2017682,09,Ligustrum japonicum,https://wikidata.org/entity/Q1209219,796,,,,,,
01_ArboladoZonasVerdesDistritosCalles_2022.csv,Moncloa-Aravaca,https://wikidata.org/entity/Q2017682,09,Cupressus arizonica,https://wikidata.org/entity/Q670040,685,,,,,,
01_ArboladoZonasVerdesDistritosCalles_2022.csv,Moncloa-Aravaca,https://wikidata.org/entity/Q2017682,09,Prunus cerasifera  subsp. pissardii,,671,,,,,,
01_ArboladoZonasVerdesDistritosCalles_2022.csv,Moncloa-Aravaca,https://wikidata.org/entity/Q2017682,09,Otros,,11711,,,,,,
01_ArboladoZonasVerdesDistritosCalles_2022.csv,,,,Total,,31668,,,,,,
01_ArboladoZonasVerdesDistritosCalles_2022.csv,Latina,https://wikidata.org/entity/Q794954,10,Platanus × hispanica,https://wikidata.org/entity/Q161374,5270,,,,,,
01_ArboladoZonasVerdesDistritosCalles_2022.csv,Latina,https://wikidata.org/entity/Q794954,10,Ulmus pumila,,4022,,,,,,
01_ArboladoZonasVerdesDistritosCalles_2022.csv,Latina,https://wikidata.org/entity/Q794954,10,Pinus pinea,https://wikidata.org/entity/Q106094,2239,,,,,,
01_ArboladoZonasVerdesDistritosCalles_2022.csv,Latina,https://wikidata.org/entity/Q794954,10,Robinia pseudoacacia,,1798,,,,,,
01_ArboladoZonasVerdesDistritosCalles_2022.csv,Latina,https://wikidata.org/entity/Q794954,10,Celtis australis,https://wikidata.org/entity/Q255375,1793,,,,,,
01_ArboladoZonasVerdesDistritosCalles_2022.csv,Latina,https://wikidata.org/entity/Q794954,10,Prunus cerasifera  subsp. pissardii,,1578,,,,,,
01_ArboladoZonasVerdesDistritosCalles_2022.csv,Latina,https://wikidata.org/entity/Q794954,10,Styphnolobium japonicum,https://wikidata.org/entity/Q288558,1515,,,,,,
01_ArboladoZonasVerdesDistritosCalles_2022.csv,Latina,https://wikidata.org/entity/Q794954,10,Ligustrum japonicum,https://wikidata.org/entity/Q1209219,1118,,,,,,
01_ArboladoZonasVerdesDistritosCalles_2022.csv,Latina,https://wikidata.org/entity/Q794954,10,Acer negundo,https://wikidata.org/entity/Q161166,1006,,,,,,
01_ArboladoZonasVerdesDistritosCalles_2022.csv,Latina,https://wikidata.org/entity/Q794954,10,Cupressus sempervirens,https://wikidata.org/entity/Q147513,957,,,,,,
01_ArboladoZonasVerdesDistritosCalles_2022.csv,Latina,https://wikidata.org/entity/Q794954,10,Aesculus hippocastanum,https://wikidata.org/entity/Q26899,915,,,,,,
01_ArboladoZonasVerdesDistritosCalles_2022.csv,Latina,https://wikidata.org/entity/Q794954,10,Otros,,13589,,,,,,
01_ArboladoZonasVerdesDistritosCalles_2022.csv,,,,Total,,35800,,,,,,
01_ArboladoZonasVerdesDistritosCalles_2022.csv,Carabanchel,https://wikidata.org/entity/Q1001991,11,Platanus × hispanica,https://wikidata.org/entity/Q161374,7507,,,,,,
01_ArboladoZonasVerdesDistritosCalles_2022.csv,Carabanchel,https://wikidata.org/entity/Q1001991,11,Pinus pinea,https://wikidata.org/entity/Q106094,4598,,,,,,
01_ArboladoZonasVerdesDistritosCalles_2022.csv,Carabanchel,https://wikidata.org/entity/Q1001991,11,Styphnolobium japonicum,https://wikidata.org/entity/Q288558,2738,,,,,,
01_ArboladoZonasVerdesDistritosCalles_2022.csv,Carabanchel,https://wikidata.org/entity/Q1001991,11,Ulmus pumila,,2660,,,,,,
01_ArboladoZonasVerdesDistritosCalles_2022.csv,Carabanchel,https://wikidata.org/entity/Q1001991,11,Robinia pseudoacacia,,2197,,,,,,
01_ArboladoZonasVerdesDistritosCalles_2022.csv,Carabanchel,https://wikidata.org/entity/Q1001991,11,Celtis australis,https://wikidata.org/entity/Q255375,2067,,,,,,
01_ArboladoZonasVerdesDistritosCalles_2022.csv,Carabanchel,https://wikidata.org/entity/Q1001991,11,Acer negundo,https://wikidata.org/entity/Q161166,1544,,,,,,
01_ArboladoZonasVerdesDistritosCalles_2022.csv,Carabanchel,https://wikidata.org/entity/Q1001991,11,Gleditsia triacanthos,https://wikidata.org/entity/Q157650,1391,,,,,,
01_ArboladoZonasVerdesDistritosCalles_2022.csv,Carabanchel,https://wikidata.org/entity/Q1001991,11,Aesculus hippocastanum,https://wikidata.org/entity/Q26899,993,,,,,,
01_ArboladoZonasVerdesDistritosCalles_2022.csv,Carabanchel,https://wikidata.org/entity/Q1001991,11,Cupressus sempervirens,https://wikidata.org/entity/Q147513,947,,,,,,
01_ArboladoZonasVerdesDistritosCalles_2022.csv,Carabanchel,https://wikidata.org/entity/Q1001991,11,Ligustrum japonicum,https://wikidata.org/entity/Q1209219,945,,,,,,
01_ArboladoZonasVerdesDistritosCalles_2022.csv,Carabanchel,https://wikidata.org/entity/Q1001991,11,Melia azedarach,https://wikidata.org/entity/Q162171,776,,,,,,
01_ArboladoZonasVerdesDistritosCalles_2022.csv,Carabanchel,https://wikidata.org/entity/Q1001991,11,Otros,,13159,,,,,,
01_ArboladoZonasVerdesDistritosCalles_2022.csv,,,,Total,,41522,,,,,,
01_ArboladoZonasVerdesDistritosCalles_2022.csv,Usera,https://wikidata.org/entity/Q953368,12,Platanus × hispanica,https://wikidata.org/entity/Q161374,4955,,,,,,
01_ArboladoZonasVerdesDistritosCalles_2022.csv,Usera,https://wikidata.org/entity/Q953368,12,Ulmus pumila,,3697,,,,,,
01_ArboladoZonasVerdesDistritosCalles_2022.csv,Usera,https://wikidata.org/entity/Q953368,12,Pinus pinea,https://wikidata.org/entity/Q106094,2042,,,,,,
01_ArboladoZonasVerdesDistritosCalles_2022.csv,Usera,https://wikidata.org/entity/Q953368,12,Robinia pseudoacacia,,1979,,,,,,
01_ArboladoZonasVerdesDistritosCalles_2022.csv,Usera,https://wikidata.org/entity/Q953368,12,Celtis australis,https://wikidata.org/entity/Q255375,1496,,,,,,
01_ArboladoZonasVerdesDistritosCalles_2022.csv,Usera,https://wikidata.org/entity/Q953368,12,Styphnolobium japonicum,https://wikidata.org/entity/Q288558,1320,,,,,,
01_ArboladoZonasVerdesDistritosCalles_2022.csv,Usera,https://wikidata.org/entity/Q953368,12,Acer negundo,https://wikidata.org/entity/Q161166,1143,,,,,,
01_ArboladoZonasVerdesDistritosCalles_2022.csv,Usera,https://wikidata.org/entity/Q953368,12,Cedrus deodara,https://wikidata.org/entity/Q146935,773,,,,,,
01_ArboladoZonasVerdesDistritosCalles_2022.csv,Usera,https://wikidata.org/entity/Q953368,12,Melia azedarach,https://wikidata.org/entity/Q162171,730,,,,,,
01_ArboladoZonasVerdesDistritosCalles_2022.csv,Usera,https://wikidata.org/entity/Q953368,12,Ligustrum japonicum,https://wikidata.org/entity/Q1209219,613,,,,,,
01_ArboladoZonasVerdesDistritosCalles_2022.csv,Usera,https://wikidata.org/entity/Q953368,12,Prunus cerasifera,https://wikidata.org/entity/Q146951,606,,,,,,
01_ArboladoZonasVerdesDistritosCalles_2022.csv,Usera,https://wikidata.org/entity/Q953368,12,Platanus orientalis,https://wikidata.org/entity/Q161105,596,,,,,,
01_ArboladoZonasVerdesDistritosCalles_2022.csv,Usera,https://wikidata.org/entity/Q953368,12,Otros,,10987,,,,,,
01_ArboladoZonasVerdesDistritosCalles_2022.csv,,,,Total,,30937,,,,,,
01_ArboladoZonasVerdesDistritosCalles_2022.csv,Puente de Vallecas,https://wikidata.org/entity/Q2003054,13,Platanus × hispanica,https://wikidata.org/entity/Q161374,4434,,,,,,
01_ArboladoZonasVerdesDistritosCalles_2022.csv,Puente de Vallecas,https://wikidata.org/entity/Q2003054,13,Platanus orientalis,https://wikidata.org/entity/Q161105,4342,,,,,,
01_ArboladoZonasVerdesDistritosCalles_2022.csv,Puente de Vallecas,https://wikidata.org/entity/Q2003054,13,Styphnolobium japonicum,https://wikidata.org/entity/Q288558,3455,,,,,,
01_ArboladoZonasVerdesDistritosCalles_2022.csv,Puente de Vallecas,https://wikidata.org/entity/Q2003054,13,Robinia pseudoacacia,,3408,,,,,,
01_ArboladoZonasVerdesDistritosCalles_2022.csv,Puente de Vallecas,https://wikidata.org/entity/Q2003054,13,Ulmus pumila,,3034,,,,,,
01_ArboladoZonasVerdesDistritosCalles_2022.csv,Puente de Vallecas,https://wikidata.org/entity/Q2003054,13,Pinus pinea,https://wikidata.org/entity/Q106094,2449,,,,,,
01_ArboladoZonasVerdesDistritosCalles_2022.csv,Puente de Vallecas,https://wikidata.org/entity/Q2003054,13,Acer negundo,https://wikidata.org/entity/Q161166,2229,,,,,,
01_ArboladoZonasVerdesDistritosCalles_2022.csv,Puente de Vallecas,https://wikidata.org/entity/Q2003054,13,Ligustrum japonicum,https://wikidata.org/entity/Q1209219,2090,,,,,,
01_ArboladoZonasVerdesDistritosCalles_2022.csv,Puente de Vallecas,https://wikidata.org/entity/Q2003054,13,Celtis australis,https://wikidata.org/entity/Q255375,1349,,,,,,
01_ArboladoZonasVerdesDistritosCalles_2022.csv,Puente de Vallecas,https://wikidata.org/entity/Q2003054,13,Catalpa bignonioides,https://wikidata.org/entity/Q163831,1090,,,,,,
01_ArboladoZonasVerdesDistritosCalles_2022.csv,Puente de Vallecas,https://wikidata.org/entity/Q2003054,13,Prunus cerasifera  subsp. pissardii,,1080,,,,,,
01_ArboladoZonasVerdesDistritosCalles_2022.csv,Puente de Vallecas,https://wikidata.org/entity/Q2003054,13,Melia azedarach,https://wikidata.org/entity/Q162171,1015,,,,,,
01_ArboladoZonasVerdesDistritosCalles_2022.csv,Puente de Vallecas,https://wikidata.org/entity/Q2003054,13,Otros,,14954,,,,,,
01_ArboladoZonasVerdesDistritosCalles_2022.csv,,,,Total,,44929,,,,,,
01_ArboladoZonasVerdesDistritosCalles_2022.csv,Moratalaz,https://wikidata.org/entity/Q2076109,14,Ulmus pumila,,5742,,,,,,
01_ArboladoZonasVerdesDistritosCalles_2022.csv,Moratalaz,https://wikidata.org/entity/Q2076109,14,Platanus × hispanica,https://wikidata.org/entity/Q161374,1986,,,,,,
01_ArboladoZonasVerdesDistritosCalles_2022.csv,Moratalaz,https://wikidata.org/entity/Q2076109,14,Pinus pinea,https://wikidata.org/entity/Q106094,1957,,,,,,
01_ArboladoZonasVerdesDistritosCalles_2022.csv,Moratalaz,https://wikidata.org/entity/Q2076109,14,Celtis australis,https://wikidata.org/entity/Q255375,1708,,,,,,
01_ArboladoZonasVerdesDistritosCalles_2022.csv,Moratalaz,https://wikidata.org/entity/Q2076109,14,Acer negundo,https://wikidata.org/entity/Q161166,1217,,,,,,
01_ArboladoZonasVerdesDistritosCalles_2022.csv,Moratalaz,https://wikidata.org/entity/Q2076109,14,Platanus orientalis,https://wikidata.org/entity/Q161105,1067,,,,,,
01_ArboladoZonasVerdesDistritosCalles_2022.csv,Moratalaz,https://wikidata.org/entity/Q2076109,14,Prunus cerasifera  subsp. pissardii,,748,,,,,,
01_ArboladoZonasVerdesDistritosCalles_2022.csv,Moratalaz,https://wikidata.org/entity/Q2076109,14,Melia azedarach,https://wikidata.org/entity/Q162171,671,,,,,,
01_ArboladoZonasVerdesDistritosCalles_2022.csv,Moratalaz,https://wikidata.org/entity/Q2076109,14,Acer pseudoplatanus,https://wikidata.org/entity/Q156944,595,,,,,,
01_ArboladoZonasVerdesDistritosCalles_2022.csv,Moratalaz,https://wikidata.org/entity/Q2076109,14,Catalpa bignonioides,https://wikidata.org/entity/Q163831,578,,,,,,
01_ArboladoZonasVerdesDistritosCalles_2022.csv,Moratalaz,https://wikidata.org/entity/Q2076109,14,Otros,,8512,,,,,,
01_ArboladoZonasVerdesDistritosCalles_2022.csv,,,,Total,,24781,,,,,,
01_ArboladoZonasVerdesDistritosCalles_2022.csv,Ciudad Lineal,https://wikidata.org/entity/Q1763694,15,Platanus × hispanica,https://wikidata.org/entity/Q161374,4680,,,,,,
01_ArboladoZonasVerdesDistritosCalles_2022.csv,Ciudad Lineal,https://wikidata.org/entity/Q1763694,15,Ulmus pumila,,4439,,,,,,
01_ArboladoZonasVerdesDistritosCalles_2022.csv,Ciudad Lineal,https://wikidata.org/entity/Q1763694,15,Pinus pinea,https://wikidata.org/entity/Q106094,4130,,,,,,
01_ArboladoZonasVerdesDistritosCalles_2022.csv,Ciudad Lineal,https://wikidata.org/entity/Q1763694,15,Styphnolobium japonicum,https://wikidata.org/entity/Q288558,1684,,,,,,
01_ArboladoZonasVerdesDistritosCalles_2022.csv,Ciudad Lineal,https://wikidata.org/entity/Q1763694,15,Prunus cerasifera  subsp. pissardii,,1629,,,,,,
01_ArboladoZonasVerdesDistritosCalles_2022.csv,Ciudad Lineal,https://wikidata.org/entity/Q1763694,15,Celtis australis,https://wikidata.org/entity/Q255375,1420,,,,,,
01_ArboladoZonasVerdesDistritosCalles_2022.csv,Ciudad Lineal,https://wikidata.org/entity/Q1763694,15,Robinia pseudoacacia,,1415,,,,,,
01_ArboladoZonasVerdesDistritosCalles_2022.csv,Ciudad Lineal,https://wikidata.org/entity/Q1763694,15,Acer negundo,https://wikidata.org/entity/Q161166,1329,,,,,,
01_ArboladoZonasVerdesDistritosCalles_2022.csv,Ciudad Lineal,https://wikidata.org/entity/Q1763694,15,Cupressus sempervirens,https://wikidata.org/entity/Q147513,1021,,,,,,
01_ArboladoZonasVerdesDistritosCalles_2022.csv,Ciudad Lineal,https://wikidata.org/entity/Q1763694,15,Pinus halepensis,https://wikidata.org/entity/Q211457,984,,,,,,
01_ArboladoZonasVerdesDistritosCalles_2022.csv,Ciudad Lineal,https://wikidata.org/entity/Q1763694,15,Prunus dulcis,https://wikidata.org/entity/Q39918,935,,,,,,
01_ArboladoZonasVerdesDistritosCalles_2022.csv,Ciudad Lineal,https://wikidata.org/entity/Q1763694,15,Otros,,16236,,,,,,
01_ArboladoZonasVerdesDistritosCalles_2022.csv,,,,Total,,39902,,,,,,
01_ArboladoZonasVerdesDistritosCalles_2022.csv,Hortaleza,https://wikidata.org/entity/Q1928529,16,Platanus × hispanica,https://wikidata.org/entity/Q161374,4529,,,,,,
01_ArboladoZonasVerdesDistritosCalles_2022.csv,Hortaleza,https://wikidata.org/entity/Q1928529,16,Pinus pinea,https://wikidata.org/entity/Q106094,4213,,,,,,
01_ArboladoZonasVerdesDistritosCalles_2022.csv,Hortaleza,https://wikidata.org/entity/Q1928529,16,Celtis australis,https://wikidata.org/entity/Q255375,3218,,,,,,
01_ArboladoZonasVerdesDistritosCalles_2022.csv,Hortaleza,https://wikidata.org/entity/Q1928529,16,Styphnolobium japonicum,https://wikidata.org/entity/Q288558,2462,,,,,,
01_ArboladoZonasVerdesDistritosCalles_2022.csv,Hortaleza,https://wikidata.org/entity/Q1928529,16,Acer negundo,https://wikidata.org/entity/Q161166,2109,,,,,,
01_ArboladoZonasVerdesDistritosCalles_2022.csv,Hortaleza,https://wikidata.org/entity/Q1928529,16,Cupressus sempervirens,https://wikidata.org/entity/Q147513,2108,,,,,,
01_ArboladoZonasVerdesDistritosCalles_2022.csv,Hortaleza,https://wikidata.org/entity/Q1928529,16,Robinia pseudoacacia,,1856,,,,,,
01_ArboladoZonasVerdesDistritosCalles_2022.csv,Hortaleza,https://wikidata.org/entity/Q1928529,16,Prunus cerasifera  subsp. pissardii,,1856,,,,,,
01_ArboladoZonasVerdesDistritosCalles_2022.csv,Hortaleza,https://wikidata.org/entity/Q1928529,16,Ligustrum japonicum,https://wikidata.org/entity/Q1209219,1593,,,,,,
01_ArboladoZonasVerdesDistritosCalles_2022.csv,Hortaleza,https://wikidata.org/entity/Q1928529,16,Ulmus pumila,,1447,,,,,,
01_ArboladoZonasVerdesDistritosCalles_2022.csv,Hortaleza,https://wikidata.org/entity/Q1928529,16,Populus alba,https://wikidata.org/entity/Q146269,1232,,,,,,
01_ArboladoZonasVerdesDistritosCalles_2022.csv,Hortaleza,https://wikidata.org/entity/Q1928529,16,Aesculus hippocastanum,https://wikidata.org/entity/Q26899,1213,,,,,,
01_ArboladoZonasVerdesDistritosCalles_2022.csv,Hortaleza,https://wikidata.org/entity/Q1928529,16,Melia azedarach,https://wikidata.org/entity/Q162171,1189,,,,,,
01_ArboladoZonasVerdesDistritosCalles_2022.csv,Hortaleza,https://wikidata.org/entity/Q1928529,16,Ulmus minor,https://wikidata.org/entity/Q147487,1171,,,,,,
01_ArboladoZonasVerdesDistritosCalles_2022.csv,Hortaleza,https://wikidata.org/entity/Q1928529,16,Otros,,23960,,,,,,
01_ArboladoZonasVerdesDistritosCalles_2022.csv,,,,Total,,54156,,,,,,
01_ArboladoZonasVerdesDistritosCalles_2022.csv,Villaverde,https://wikidata.org/entity/Q919536,17,Ulmus pumila,,5298,,,,,,
01_ArboladoZonasVerdesDistritosCalles_2022.csv,Villaverde,https://wikidata.org/entity/Q919536,17,Celtis australis,https://wikidata.org/entity/Q255375,3392,,,,,,
01_ArboladoZonasVerdesDistritosCalles_2022.csv,Villaverde,https://wikidata.org/entity/Q919536,17,Platanus × hispanica,https://wikidata.org/entity/Q161374,3048,,,,,,
01_ArboladoZonasVerdesDistritosCalles_2022.csv,Villaverde,https://wikidata.org/entity/Q919536,17,Ligustrum japonicum,https://wikidata.org/entity/Q1209219,2132,,,,,,
01_ArboladoZonasVerdesDistritosCalles_2022.csv,Villaverde,https://wikidata.org/entity/Q919536,17,Melia azedarach,https://wikidata.org/entity/Q162171,1907,,,,,,
01_ArboladoZonasVerdesDistritosCalles_2022.csv,Villaverde,https://wikidata.org/entity/Q919536,17,Pinus pinea,https://wikidata.org/entity/Q106094,1811,,,,,,
01_ArboladoZonasVerdesDistritosCalles_2022.csv,Villaverde,https://wikidata.org/entity/Q919536,17,Prunus cerasifera  subsp. pissardii,,1684,,,,,,
01_ArboladoZonasVerdesDistritosCalles_2022.csv,Villaverde,https://wikidata.org/entity/Q919536,17,Robinia pseudoacacia,,1650,,,,,,
01_ArboladoZonasVerdesDistritosCalles_2022.csv,Villaverde,https://wikidata.org/entity/Q919536,17,Aesculus hippocastanum,https://wikidata.org/entity/Q26899,1583,,,,,,
01_ArboladoZonasVerdesDistritosCalles_2022.csv,Villaverde,https://wikidata.org/entity/Q919536,17,Pinus halepensis,https://wikidata.org/entity/Q211457,1545,,,,,,
01_ArboladoZonasVerdesDistritosCalles_2022.csv,Villaverde,https://wikidata.org/entity/Q919536,17,Acer negundo,https://wikidata.org/entity/Q161166,1201,,,,,,
01_ArboladoZonasVerdesDistritosCalles_2022.csv,Villaverde,https://wikidata.org/entity/Q919536,17,Catalpa bignonioides,https://wikidata.org/entity/Q163831,1054,,,,,,
01_ArboladoZonasVerdesDistritosCalles_2022.csv,Villaverde,https://wikidata.org/entity/Q919536,17,Otros,,12482,,,,,,
01_ArboladoZonasVerdesDistritosCalles_2022.csv,,,,Total,,38787,,,,,,
01_ArboladoZonasVerdesDistritosCalles_2022.csv,Villa de Vallecas,https://wikidata.org/entity/Q1947988,18,Platanus × hispanica,https://wikidata.org/entity/Q161374,5025,,,,,,
01_ArboladoZonasVerdesDistritosCalles_2022.csv,Villa de Vallecas,https://wikidata.org/entity/Q1947988,18,Celtis australis,https://wikidata.org/entity/Q255375,2887,,,,,,
01_ArboladoZonasVerdesDistritosCalles_2022.csv,Villa de Vallecas,https://wikidata.org/entity/Q1947988,18,Pinus halepensis,https://wikidata.org/entity/Q211457,2706,,,,,,
01_ArboladoZonasVerdesDistritosCalles_2022.csv,Villa de Vallecas,https://wikidata.org/entity/Q1947988,18,Acer negundo,https://wikidata.org/entity/Q161166,2170,,,,,,
01_ArboladoZonasVerdesDistritosCalles_2022.csv,Villa de Vallecas,https://wikidata.org/entity/Q1947988,18,Ulmus pumila,,1847,,,,,,
01_ArboladoZonasVerdesDistritosCalles_2022.csv,Villa de Vallecas,https://wikidata.org/entity/Q1947988,18,Robinia pseudoacacia,,1822,,,,,,
01_ArboladoZonasVerdesDistritosCalles_2022.csv,Villa de Vallecas,https://wikidata.org/entity/Q1947988,18,Melia azedarach,https://wikidata.org/entity/Q162171,1230,,,,,,
01_ArboladoZonasVerdesDistritosCalles_2022.csv,Villa de Vallecas,https://wikidata.org/entity/Q1947988,18,Cupressus sempervirens,https://wikidata.org/entity/Q147513,1196,,,,,,
01_ArboladoZonasVerdesDistritosCalles_2022.csv,Villa de Vallecas,https://wikidata.org/entity/Q1947988,18,Pinus pinea,https://wikidata.org/entity/Q106094,1139,,,,,,
01_ArboladoZonasVerdesDistritosCalles_2022.csv,Villa de Vallecas,https://wikidata.org/entity/Q1947988,18,Aesculus hippocastanum,https://wikidata.org/entity/Q26899,996,,,,,,
01_ArboladoZonasVerdesDistritosCalles_2022.csv,Villa de Vallecas,https://wikidata.org/entity/Q1947988,18,Otros,,14955,,,,,,
01_ArboladoZonasVerdesDistritosCalles_2022.csv,,,,Total,,35973,,,,,,
01_ArboladoZonasVerdesDistritosCalles_2022.csv,Vicálvaro,https://wikidata.org/entity/Q589403,19,Celtis australis,https://wikidata.org/entity/Q255375,2331,,,,,,
01_ArboladoZonasVerdesDistritosCalles_2022.csv,Vicálvaro,https://wikidata.org/entity/Q589403,19,Ligustrum japonicum,https://wikidata.org/entity/Q1209219,1941,,,,,,
01_ArboladoZonasVerdesDistritosCalles_2022.csv,Vicálvaro,https://wikidata.org/entity/Q589403,19,Pyrus calleryana,https://wikidata.org/entity/Q3079266,1923,,,,,,
01_ArboladoZonasVerdesDistritosCalles_2022.csv,Vicálvaro,https://wikidata.org/entity/Q589403,19,Platanus × hispanica,https://wikidata.org/entity/Q161374,1878,,,,,,
01_ArboladoZonasVerdesDistritosCalles_2022.csv,Vicálvaro,https://wikidata.org/entity/Q589403,19,Platanus orientalis,https://wikidata.org/entity/Q161105,1749,,,,,,
01_ArboladoZonasVerdesDistritosCalles_2022.csv,Vicálvaro,https://wikidata.org/entity/Q589403,19,Pinus pinea,https://wikidata.org/entity/Q106094,1637,,,,,,
01_ArboladoZonasVerdesDistritosCalles_2022.csv,Vicálvaro,https://wikidata.org/entity/Q589403,19,Styphnolobium japonicum,https://wikidata.org/entity/Q288558,1497,,,,,,
01_ArboladoZonasVerdesDistritosCalles_2022.csv,Vicálvaro,https://wikidata.org/entity/Q589403,19,Robinia pseudoacacia,,1416,,,,,,
01_ArboladoZonasVerdesDistritosCalles_2022.csv,Vicálvaro,https://wikidata.org/entity/Q589403,19,Ulmus pumila,,1214,,,,,,
01_ArboladoZonasVerdesDistritosCalles_2022.csv,Vicálvaro,https://wikidata.org/entity/Q589403,19,Aesculus hippocastanum,https://wikidata.org/entity/Q26899,1180,,,,,,
01_ArboladoZonasVerdesDistritosCalles_2022.csv,Vicálvaro,https://wikidata.org/entity/Q589403,19,Otros,,14726,,,,,,
01_ArboladoZonasVerdesDistritosCalles_2022.csv,,,,Total,,31492,,,,,,
01_ArboladoZonasVerdesDistritosCalles_2022.csv,San Blas-Canillejas,https://wikidata.org/entity/Q2001937,20,Platanus × hispanica,https://wikidata.org/entity/Q161374,8230,,,,,,
01_ArboladoZonasVerdesDistritosCalles_2022.csv,San Blas-Canillejas,https://wikidata.org/entity/Q2001937,20,Pinus halepensis,https://wikidata.org/entity/Q211457,4882,,,,,,
01_ArboladoZonasVerdesDistritosCalles_2022.csv,San Blas-Canillejas,https://wikidata.org/entity/Q2001937,20,Pinus pinea,https://wikidata.org/entity/Q106094,4095,,,,,,
01_ArboladoZonasVerdesDistritosCalles_2022.csv,San Blas-Canillejas,https://wikidata.org/entity/Q2001937,20,Celtis australis,https://wikidata.org/entity/Q255375,2629,,,,,,
01_ArboladoZonasVerdesDistritosCalles_2022.csv,San Blas-Canillejas,https://wikidata.org/entity/Q2001937,20,Acer negundo,https://wikidata.org/entity/Q161166,1910,,,,,,
01_ArboladoZonasVerdesDistritosCalles_2022.csv,San Blas-Canillejas,https://wikidata.org/entity/Q2001937,20,Robinia pseudoacacia,,1846,,,,,,
01_ArboladoZonasVerdesDistritosCalles_2022.csv,San Blas-Canillejas,https://wikidata.org/entity/Q2001937,20,Aesculus hippocastanum,https://wikidata.org/entity/Q26899,1489,,,,,,
01_ArboladoZonasVerdesDistritosCalles_2022.csv,San Blas-Canillejas,https://wikidata.org/entity/Q2001937,20,Ulmus sp,,1408,,,,,,
01_ArboladoZonasVerdesDistritosCalles_2022.csv,San Blas-Canillejas,https://wikidata.org/entity/Q2001937,20,Ulmus pumila,,1139,,,,,,
01_ArboladoZonasVerdesDistritosCalles_2022.csv,San Blas-Canillejas,https://wikidata.org/entity/Q2001937,20,Prunus cerasifera  subsp. pissardii,,1139,,,,,,
01_ArboladoZonasVerdesDistritosCalles_2022.csv,San Blas-Canillejas,https://wikidata.org/entity/Q2001937,20,Ligustrum japonicum,https://wikidata.org/entity/Q1209219,1101,,,,,,
01_ArboladoZonasVerdesDistritosCalles_2022.csv,San Blas-Canillejas,https://wikidata.org/entity/Q2001937,20,Otros,,17262,,,,,,
01_ArboladoZonasVerdesDistritosCalles_2022.csv,,,,Total,,47130,,,,,,
01_ArboladoZonasVerdesDistritosCalles_2022.csv,Barajas,https://wikidata.org/entity/Q807230,21,Platanus × hispanica,https://wikidata.org/entity/Q161374,3051,,,,,,
01_ArboladoZonasVerdesDistritosCalles_2022.csv,Barajas,https://wikidata.org/entity/Q807230,21,Styphnolobium japonicum,https://wikidata.org/entity/Q288558,954,,,,,,
01_ArboladoZonasVerdesDistritosCalles_2022.csv,Barajas,https://wikidata.org/entity/Q807230,21,Celtis australis,https://wikidata.org/entity/Q255375,914,,,,,,
01_ArboladoZonasVerdesDistritosCalles_2022.csv,Barajas,https://wikidata.org/entity/Q807230,21,Robinia pseudoacacia,,778,,,,,,
01_ArboladoZonasVerdesDistritosCalles_2022.csv,Barajas,https://wikidata.org/entity/Q807230,21,Ligustrum japonicum,https://wikidata.org/entity/Q1209219,711,,,,,,
01_ArboladoZonasVerdesDistritosCalles_2022.csv,Barajas,https://wikidata.org/entity/Q807230,21,Catalpa bignonioides,https://wikidata.org/entity/Q163831,704,,,,,,
01_ArboladoZonasVerdesDistritosCalles_2022.csv,Barajas,https://wikidata.org/entity/Q807230,21,Melia azedarach,https://wikidata.org/entity/Q162171,651,,,,,,
01_ArboladoZonasVerdesDistritosCalles_2022.csv,Barajas,https://wikidata.org/entity/Q807230,21,Pinus pinea,https://wikidata.org/entity/Q106094,572,,,,,,
01_ArboladoZonasVerdesDistritosCalles_2022.csv,Barajas,https://wikidata.org/entity/Q807230,21,Pinus halepensis,https://wikidata.org/entity/Q211457,572,,,,,,
01_ArboladoZonasVerdesDistritosCalles_2022.csv,Barajas,https://wikidata.org/entity/Q807230,21,Prunus cerasifera  subsp. pissardii,,504,,,,,,
01_ArboladoZonasVerdesDistritosCalles_2022.csv,Barajas,https://wikidata.org/entity/Q807230,21,Acer negundo,https://wikidata.org/entity/Q161166,381,,,,,,
01_ArboladoZonasVerdesDistritosCalles_2022.csv,Barajas,https://wikidata.org/entity/Q807230,21,Gleditsia triacanthos,https://wikidata.org/entity/Q157650,362,,,,,,
01_ArboladoZonasVerdesDistritosCalles_2022.csv,Barajas,https://wikidata.org/entity/Q807230,21,Otros,,7322,,,,,,
01_ArboladoZonasVerdesDistritosCalles_2022.csv,,,,Total,,17476,,,,,,
01_ArboladoZonasVerdesDistritosCalles_2022.csv,,,,,,,,,,,,
01_ArboladoZonasVerdesDistritosCalles_2022.csv,,,,TOTAL:,,655.860,,,,,,
01_ArboladoZonasVerdesDistritosCalles_2022.csv,,,,,,,,,,,,
01_ArboladoZonasVerdesDistritosCalles_2022.csv,NOTA:,,,,,,,,,,,
01_ArboladoZonasVerdesDistritosCalles_2022.csv,EN ESTE INFORME NO SE HAN CONSIDERADO LOS ELEMENTOS CLASIFICADOS COMO PALMACEAS.  ,,,,,,,,,,,
01_ArboladoZonasVerdesDistritosCalles_2022.csv,EN MADRID EXISTEN 2.916 PALMACEAS EN CONSERVACIÓN POR LA S.G. DE CONSERVACIÓN DE ZONAS VERDES Y ARBOLADO URBANO,,,,,,,,,,,
AREAS_CANINAS_2023.csv,Chamberí,https://wikidata.org/entity/Q1763370,07,,,,7243273,076,Vallehermoso,https://wikidata.org/entity/Q6122685,calle de Cea Bermúdez,https://wikidata.org/entity/Q26791743
AREAS_CANINAS_2023.csv,San Blas-Canillejas,https://wikidata.org/entity/Q2001937,20,,,,3580438,204,Arcos,https://wikidata.org/entity/Q9627876,CALLE ARCOS DEL JALON,
AREAS_CANINAS_2023.csv,San Blas-Canillejas,https://wikidata.org/entity/Q2001937,20,,,,3580440,204,Arcos,https://wikidata.org/entity/Q9627876,CALLE ARCOS DEL JALON,
AREAS_CANINAS_2023.csv,Tetuán,https://wikidata.org/entity/Q1773540,06,,,,5003498,062,Cuatro Caminos,https://wikidata.org/entity/Q5824684,"Calle del General Ramírez de Madrid, Madrid",https://wikidata.org/entity/Q28966677
AREAS_CANINAS_2023.csv,Barajas,https://wikidata.org/entity/Q807230,21,,,,3569057,213,CASCO H.BARAJAS,,AVENIDA LOGROÑO,
AREAS_CANINAS_2023.csv,Ciudad Lineal,https://wikidata.org/entity/Q1763694,15,,,,3569404,153,Quintana,https://wikidata.org/entity/Q71810,CALLE VIRGEN DE LLUC,
AREAS_CANINAS_2023.csv,Ciudad Lineal,https://wikidata.org/entity/Q1763694,15,,,,3569403,154,Concepción,https://wikidata.org/entity/Q11915156,CALLE VIRGEN DE NURIA,
AREAS_CANINAS_2023.csv,Ciudad Lineal,https://wikidata.org/entity/Q1763694,15,,,,3570066,154,Concepción,https://wikidata.org/entity/Q11915156,calle de Arturo Soria,https://wikidata.org/entity/Q8255504
AREAS_CANINAS_2023.csv,Ciudad Lineal,https://wikidata.org/entity/Q1763694,15,,,,3570068,159,Costillares,https://wikidata.org/entity/Q331385,"Calle de Caleruega, Madrid",https://wikidata.org/entity/Q29353439
AREAS_CANINAS_2023.csv,Ciudad Lineal,https://wikidata.org/entity/Q1763694,15,,,,3570069,152,Pueblo Nuevo,https://wikidata.org/entity/Q71753,CALLE NICOLAS SALMERON,
AREAS_CANINAS_2023.csv,Ciudad Lineal,https://wikidata.org/entity/Q1763694,15,,,,3570074,152,Pueblo Nuevo,https://wikidata.org/entity/Q71753,CALLE LUIS RUIZ,
AREAS_CANINAS_2023.csv,Ciudad Lineal,https://wikidata.org/entity/Q1763694,15,,,,3570075,151,Ventas,https://wikidata.org/entity/Q71762,CALLE ANTONIO PIRALA,
AREAS_CANINAS_2023.csv,Ciudad Lineal,https://wikidata.org/entity/Q1763694,15,,,,3570067,152,Pueblo Nuevo,https://wikidata.org/entity/Q71753,CALLE PEPE ISBERT,
AREAS_CANINAS_2023.csv,Ciudad Lineal,https://wikidata.org/entity/Q1763694,15,,,,3570070,151,Ventas,https://wikidata.org/entity/Q71762,"Avenida del Marqués de Corbera, Madrid",https://wikidata.org/entity/Q29168364
AREAS_CANINAS_2023.csv,Ciudad Lineal,https://wikidata.org/entity/Q1763694,15,,,,3570072,151,Ventas,https://wikidata.org/entity/Q71762,CALLE GERARDO CORDON,
AREAS_CANINAS_2023.csv,Hortaleza,https://wikidata.org/entity/Q1928529,16,,,,3575532,165,Apóstol Santiago,https://wikidata.org/entity/Q11906303,CARRETERA ESTACION DE HORTALEZA,
AREAS_CANINAS_2023.csv,Hortaleza,https://wikidata.org/entity/Q1928529,16,,,,3575533,164,Pinar del Rey,https://wikidata.org/entity/Q10349788,CALLE MACUAJE,
AREAS_CANINAS_2023.csv,Hortaleza,https://wikidata.org/entity/Q1928529,16,,,,3575535,166,Valdefuentes,https://wikidata.org/entity/Q10388714,AVENIDA MANOTERAS,
AREAS_CANINAS_2023.csv,Hortaleza,https://wikidata.org/entity/Q1928529,16,,,,3575538,165,Apóstol Santiago,https://wikidata.org/entity/Q11906303,CALLE MONOVAR,
AREAS_CANINAS_2023.csv,Hortaleza,https://wikidata.org/entity/Q1928529,16,,,,3575539,164,Pinar del Rey,https://wikidata.org/entity/Q10349788,CALLE SANTA ADELA,
AREAS_CANINAS_2023.csv,Hortaleza,https://wikidata.org/entity/Q1928529,16,,,,3575534,165,Apóstol Santiago,https://wikidata.org/entity/Q11906303,CALLE SOMONTIN,
AREAS_CANINAS_2023.csv,Hortaleza,https://wikidata.org/entity/Q1928529,16,,,,3575537,164,Pinar del Rey,https://wikidata.org/entity/Q10349788,CALLE CAPITAN CORTES,
AREAS_CANINAS_2023.csv,San Blas-Canillejas,https://wikidata.org/entity/Q2001937,20,,,,3580432,206,Rejas,https://wikidata.org/entity/Q10359029,CALLE DEYANIRA,
AREAS_CANINAS_2023.csv,San Blas-Canillejas,https://wikidata.org/entity/Q2001937,20,,,,3580433,207,Canillejas,https://wikidata.org/entity/Q663013,CALLE GONZALO TORRENTE BALLESTER,
AREAS_CANINAS_2023.csv,San Blas-Canillejas,https://wikidata.org/entity/Q2001937,20,,,,3580434,207,Canillejas,https://wikidata.org/entity/Q663013,CALLE GONZALO TORRENTE BALLESTER,
AREAS_CANINAS_2023.csv,San Blas-Canillejas,https://wikidata.org/entity/Q2001937,20,,,,3580436,204,Arcos,https://wikidata.org/entity/Q9627876,Avenida de Guadalajara,https://wikidata.org/entity/Q52063521
AREAS_CANINAS_2023.csv,San Blas-Canillejas,https://wikidata.org/entity/Q2001937,20,,,,3580437,204,Arcos,https://wikidata.org/entity/Q9627876,AVENIDA CANILLEJAS A VICALVARO,
AREAS_CANINAS_2023.csv,San Blas-Canillejas,https://wikidata.org/entity/Q2001937,20,,,,3580439,207,Canillejas,https://wikidata.org/entity/Q663013,CALLE CIRCE,
AREAS_CANINAS_2023.csv,San Blas-Canillejas,https://wikidata.org/entity/Q2001937,20,,,,3580441,205,Rosas,https://wikidata.org/entity/Q18880469,AVENIDA CANILLEJAS A VICALVARO,
AREAS_CANINAS_2023.csv,San Blas-Canillejas,https://wikidata.org/entity/Q2001937,20,,,,4991235,206,Rejas,https://wikidata.org/entity/Q10359029,CALLE NAVARIDAS,
AREAS_CANINAS_2023.csv,Chamberí,https://wikidata.org/entity/Q1763370,07,,,,4996484,076,Vallehermoso,https://wikidata.org/entity/Q6122685,CALLEJON MAGALLANES,
AREAS_CANINAS_2023.csv,Usera,https://wikidata.org/entity/Q953368,12,,,,4996493,121,Orcasitas,https://wikidata.org/entity/Q3773941,CALLE SEGURA,
AREAS_CANINAS_2023.csv,Carabanchel,https://wikidata.org/entity/Q1001991,11,,,,4996495,114,Vista Alegre,https://wikidata.org/entity/Q3813741,CALLE PINGÜINO,
AREAS_CANINAS_2023.csv,Usera,https://wikidata.org/entity/Q953368,12,,,,4996497,123,San Fermín (Madrid),https://wikidata.org/entity/Q71758,CALLE CORINDON,
AREAS_CANINAS_2023.csv,Carabanchel,https://wikidata.org/entity/Q1001991,11,,,,4996500,116,Buenavista,https://wikidata.org/entity/Q953929,CAMINO CRUCES,
AREAS_CANINAS_2023.csv,Vicálvaro,https://wikidata.org/entity/Q589403,19,,,,4996514,193,Valderrivas,https://wikidata.org/entity/Q43025770,CALLE MINERVA,
AREAS_CANINAS_2023.csv,Vicálvaro,https://wikidata.org/entity/Q589403,19,,,,4996516,191,CASCO H.VICALVARO,,CALLE AMBROZ,
AREAS_CANINAS_2023.csv,Vicálvaro,https://wikidata.org/entity/Q589403,19,,,,4996517,192,Valdebernardo,https://wikidata.org/entity/Q43025212,PLAZA JUAN ROF CARBALLO,
AREAS_CANINAS_2023.csv,Vicálvaro,https://wikidata.org/entity/Q589403,19,,,,4996518,192,Valdebernardo,https://wikidata.org/entity/Q43025212,CALLE LADERA DE LOS ALMENDROS,
AREAS_CANINAS_2023.csv,Vicálvaro,https://wikidata.org/entity/Q589403,19,,,,4996519,191,CASCO H.VICALVARO,,"Avenida de Daroca, Madrid",https://wikidata.org/entity/Q62107216
AREAS_CANINAS_2023.csv,Vicálvaro,https://wikidata.org/entity/Q589403,19,,,,4996520,192,Valdebernardo,https://wikidata.org/entity/Q43025212,CAMINO VIEJO DE VICALVARO,
AREAS_CANINAS_2023.csv,Vicálvaro,https://wikidata.org/entity/Q589403,19,,,,4996521,192,Valdebernardo,https://wikidata.org/entity/Q43025212,CALLE PINILLAS,
AREAS_CANINAS_2023.csv,Vicálvaro,https://wikidata.org/entity/Q589403,19,,,,4996522,191,CASCO H.VICALVARO,,calle Mercurio,https://wikidata.org/entity/Q119472008
AREAS_CANINAS_2023.csv,Vicálvaro,https://wikidata.org/entity/Q589403,19,,,,4996523,192,Valdebernardo,https://wikidata.org/entity/Q43025212,PLAZA ROSA CHACEL,
AREAS_CANINAS_2023.csv,Vicálvaro,https://wikidata.org/entity/Q589403,19,,,,4996524,192,Valdebernardo,https://wikidata.org/entity/Q43025212,CALLE LADERA DE LOS ALMENDROS,
AREAS_CANINAS_2023.csv,Vicálvaro,https://wikidata.org/entity/Q589403,19,,,,4996525,192,Valdebernardo,https://wikidata.org/entity/Q43025212,PLAZA JUAN CARLOS ONETTI,
AREAS_CANINAS_2023.csv,Villaverde,https://wikidata.org/entity/Q919536,17,,,,4996527,175,Los Ángeles,https://wikidata.org/entity/Q390462,CALLE MENASALBAS,
AREAS_CANINAS_2023.csv,Villaverde,https://wikidata.org/entity/Q919536,17,,,,4996528,173,Butarque,https://wikidata.org/entity/Q390453,AVENIDA LOS ROSALES,
AREAS_CANINAS_2023.csv,Villaverde,https://wikidata.org/entity/Q919536,17,,,,4996529,174,Los Rosales,https://wikidata.org/entity/Q10319807,CALLE COALICION,
AREAS_CANINAS_2023.csv,Villaverde,https://wikidata.org/entity/Q919536,17,,,,4996530,171,VILLAVERDE ALTO C.H.,,CALLE AFLUENTES,
AREAS_CANINAS_2023.csv,Villaverde,https://wikidata.org/entity/Q919536,17,,,,4996531,175,Los Ángeles,https://wikidata.org/entity/Q390462,CALLE SANTIAGO AMON,
AREAS_CANINAS_2023.csv,Villaverde,https://wikidata.org/entity/Q919536,17,,,,4996532,171,VILLAVERDE ALTO C.H.,,PLAZA GOMEZ ACEBO,
AREAS_CANINAS_2023.csv,Carabanchel,https://wikidata.org/entity/Q1001991,11,,,,4996533,114,Vista Alegre,https://wikidata.org/entity/Q3813741,paseo de Marcelino Camacho,https://wikidata.org/entity/Q53414018
AREAS_CANINAS_2023.csv,Carabanchel,https://wikidata.org/entity/Q1001991,11,,,,4996536,113,San Isidro,https://wikidata.org/entity/Q3813733,CALLE FAROLILLO,
AREAS_CANINAS_2023.csv,Carabanchel,https://wikidata.org/entity/Q1001991,11,,,,4996537,112,Opañel,https://wikidata.org/entity/Q3813756,CALLE PORTALEGRE,
AREAS_CANINAS_2023.csv,Carabanchel,https://wikidata.org/entity/Q1001991,11,,,,4996539,117,Abrantes,https://wikidata.org/entity/Q3773949,CALLE ANTONIO ROMERO,
AREAS_CANINAS_2023.csv,Carabanchel,https://wikidata.org/entity/Q1001991,11,,,,4996540,115,Puerta Bonita,https://wikidata.org/entity/Q3813762,CALLE CONDE DE MORPHY,
AREAS_CANINAS_2023.csv,Villa de Vallecas,https://wikidata.org/entity/Q1947988,18,,,,4996545,181,CASCO H.VALLECAS,,CAMINO SUERTE,
AREAS_CANINAS_2023.csv,Villa de Vallecas,https://wikidata.org/entity/Q1947988,18,,,,4996546,181,CASCO H.VALLECAS,,CALLE VILLAR DEL POZO,
AREAS_CANINAS_2023.csv,Villa de Vallecas,https://wikidata.org/entity/Q1947988,18,,,,4996547,181,CASCO H.VALLECAS,,CALLE CABEZA MESADA,
AREAS_CANINAS_2023.csv,Moratalaz,https://wikidata.org/entity/Q2076109,14,,,,4996548,146,Vinateros,https://wikidata.org/entity/Q10391533,"Calle de la Hacienda de Pavones, Madrid",https://wikidata.org/entity/Q28936083
AREAS_CANINAS_2023.csv,Moratalaz,https://wikidata.org/entity/Q2076109,14,,,,4996549,143,Marroquina,https://wikidata.org/entity/Q11935636,Calle Camino de los Vinateros,https://wikidata.org/entity/Q28935892
AREAS_CANINAS_2023.csv,Moratalaz,https://wikidata.org/entity/Q2076109,14,,,,4996550,141,Pavones,https://wikidata.org/entity/Q71760,CALLE VALDEBERNARDO,
AREAS_CANINAS_2023.csv,Moratalaz,https://wikidata.org/entity/Q2076109,14,,,,4996551,145,Fontarrón,https://wikidata.org/entity/Q10283284,CALLE ENCOMIENDA DE PALACIOS,
AREAS_CANINAS_2023.csv,Moratalaz,https://wikidata.org/entity/Q2076109,14,,,,4996553,141,Pavones,https://wikidata.org/entity/Q71760,CALLE ARROYO FONTARRON,
AREAS_CANINAS_2023.csv,Puente de Vallecas,https://wikidata.org/entity/Q2003054,13,,,,4996554,136,Numancia,https://wikidata.org/entity/Q10338144,CALLE FERNANDO GIRALDEZ,
AREAS_CANINAS_2023.csv,Puente de Vallecas,https://wikidata.org/entity/Q2003054,13,,,,4996556,135,Portazgo,https://wikidata.org/entity/Q18005921,CALLE TANGER,
AREAS_CANINAS_2023.csv,Puente de Vallecas,https://wikidata.org/entity/Q2003054,13,,,,4996559,131,Entrevías,https://wikidata.org/entity/Q71756,RONDA SUR,
AREAS_CANINAS_2023.csv,Puente de Vallecas,https://wikidata.org/entity/Q2003054,13,,,,4996562,133,Palomeras Bajas,https://wikidata.org/entity/Q10343902,CALLE VIRIDIANA,
AREAS_CANINAS_2023.csv,Puente de Vallecas,https://wikidata.org/entity/Q2003054,13,,,,4996575,134,Palomeras Sureste,https://wikidata.org/entity/Q10343901,CALLE TROLE,
AREAS_CANINAS_2023.csv,Carabanchel,https://wikidata.org/entity/Q1001991,11,,,,4996578,115,Puerta Bonita,https://wikidata.org/entity/Q3813762,AVENIDA ABRANTES,
AREAS_CANINAS_2023.csv,Arganzuela,https://wikidata.org/entity/Q2000929,02,,,,4996586,024,Legazpi,https://wikidata.org/entity/Q3773990,CALLE PUERTO DE BEJAR,
AREAS_CANINAS_2023.csv,Arganzuela,https://wikidata.org/entity/Q2000929,02,,,,4996591,025,Las Delicias,https://wikidata.org/entity/Q3773736,CALLE TOMAS BRETON,
AREAS_CANINAS_2023.csv,Arganzuela,https://wikidata.org/entity/Q2000929,02,,,,4996660,022,Las Acacias,https://wikidata.org/entity/Q3319190,CALLE ARGANDA,
AREAS_CANINAS_2023.csv,Retiro,https://wikidata.org/entity/Q2002296,03,,,,4996986,031,Pacífico,https://wikidata.org/entity/Q3773753,Paseo de la Infanta Isabel,https://wikidata.org/entity/Q29051267
AREAS_CANINAS_2023.csv,Retiro,https://wikidata.org/entity/Q2002296,03,,,,4997032,036,Niño Jesús,https://wikidata.org/entity/Q3773746,CALLE ANUNCIACION,
AREAS_CANINAS_2023.csv,Salamanca,https://wikidata.org/entity/Q1773521,04,,,,4997144,043,Fuente del Berro,https://wikidata.org/entity/Q3814564,PLAZA AMERICA ESPAÑOLA,
AREAS_CANINAS_2023.csv,Salamanca,https://wikidata.org/entity/Q1773521,04,,,,4997171,044,La Guindalera,https://wikidata.org/entity/Q3814559,AVENIDA AMERICA,
AREAS_CANINAS_2023.csv,Salamanca,https://wikidata.org/entity/Q1773521,04,,,,4997200,044,La Guindalera,https://wikidata.org/entity/Q3814559,CALLE BERLIN,
AREAS_CANINAS_2023.csv,Salamanca,https://wikidata.org/entity/Q1773521,04,,,,4997212,044,La Guindalera,https://wikidata.org/entity/Q3814559,CALLE FLORESTAN AGUILAR,
AREAS_CANINAS_2023.csv,Chamartín,https://wikidata.org/entity/Q1766348,05,,,,4997227,054,Hispanoamérica,https://wikidata.org/entity/Q3814573,calle de Colombia,https://wikidata.org/entity/Q118275227
AREAS_CANINAS_2023.csv,Latina,https://wikidata.org/entity/Q794954,10,,,,4997300,104,Aluche,https://wikidata.org/entity/Q31140,CALLE VALMOJADO,
AREAS_CANINAS_2023.csv,Fuencarral-El Pardo,https://wikidata.org/entity/Q656196,08,,,,4997902,083,PEÑA GRANDE,,CALLE VALLE DE MENA,
AREAS_CANINAS_2023.csv,Moncloa-Aravaca,https://wikidata.org/entity/Q2017682,09,,,,4997956,093,Ciudad Universitaria,https://wikidata.org/entity/Q3319235,Carrera Val d'Arán,https://wikidata.org/entity/Q65395414
AREAS_CANINAS_2023.csv,Moncloa-Aravaca,https://wikidata.org/entity/Q2017682,09,,,,4997993,097,Aravaca,https://wikidata.org/entity/Q3314682,AVENIDA EUROPA,
AREAS_CANINAS_2023.csv,Moncloa-Aravaca,https://wikidata.org/entity/Q2017682,09,,,,4997994,095,Valdemarín,https://wikidata.org/entity/Q10388725,AVENIDA VALDEMARIN,
AREAS_CANINAS_2023.csv,Moncloa-Aravaca,https://wikidata.org/entity/Q2017682,09,,,,4997995,094,Valdezarza,https://wikidata.org/entity/Q10388728,"Calle de Ofelia Nieto, Madrid",https://wikidata.org/entity/Q26832655
AREAS_CANINAS_2023.csv,Moncloa-Aravaca,https://wikidata.org/entity/Q2017682,09,,,,4997996,094,Valdezarza,https://wikidata.org/entity/Q10388728,CALLE VALDERREY,
AREAS_CANINAS_2023.csv,Latina,https://wikidata.org/entity/Q794954,10,,,,4997997,107,Las Águilas,https://wikidata.org/entity/Q5971372,AVENIDA LAS AGUILAS,
AREAS_CANINAS_2023.csv,Fuencarral-El Pardo,https://wikidata.org/entity/Q656196,08,,,,4997998,084,El Pilar,https://wikidata.org/entity/Q3773964,CALLE FERMIN CABALLERO,
AREAS_CANINAS_2023.csv,Moncloa-Aravaca,https://wikidata.org/entity/Q2017682,09,,,,4997999,097,Aravaca,https://wikidata.org/entity/Q3314682,CALLE GOLONDRINA,
AREAS_CANINAS_2023.csv,Latina,https://wikidata.org/entity/Q794954,10,,,,4998010,103,Lucero,https://wikidata.org/entity/Q31162,CALLE ANTOLIN GARCIA,
AREAS_CANINAS_2023.csv,Usera,https://wikidata.org/entity/Q953368,12,,,,4998027,126,El Zofío,https://wikidata.org/entity/Q71751,"Calle de Marcelo Usera, Madrid",https://wikidata.org/entity/Q5740848
AREAS_CANINAS_2023.csv,Latina,https://wikidata.org/entity/Q794954,10,,,,5000253,107,Las Águilas,https://wikidata.org/entity/Q5971372,CALLE FRAY JOSE CERDEIRIÑA,
AREAS_CANINAS_2023.csv,Fuencarral-El Pardo,https://wikidata.org/entity/Q656196,08,,,,5003208,083,PEÑA GRANDE,,CALLE JOAQUIN LORENZO,
AREAS_CANINAS_2023.csv,Latina,https://wikidata.org/entity/Q794954,10,,,,5003319,107,Las Águilas,https://wikidata.org/entity/Q5971372,CALLE FRAY JOSE CERDEIRIÑA,
AREAS_CANINAS_2023.csv,Chamberí,https://wikidata.org/entity/Q1763370,07,,,,5003401,072,Arapiles,https://wikidata.org/entity/Q10856744,PLAZA CONDE DEL VALLE DE SUCHIL,
AREAS_CANINAS_2023.csv,Tetuán,https://wikidata.org/entity/Q1773540,06,,,,5003496,062,Cuatro Caminos,https://wikidata.org/entity/Q5824684,CALLE SAN GERMAN,
AREAS_CANINAS_2023.csv,Tetuán,https://wikidata.org/entity/Q1773540,06,,,,5003499,065,Valdeacederas,https://wikidata.org/entity/Q10388711,CALLE GABRIEL PORTADALES,
AREAS_CANINAS_2023.csv,Tetuán,https://wikidata.org/entity/Q1773540,06,,,,5003500,064,Almenara,https://wikidata.org/entity/Q2265427,AVENIDA ASTURIAS,
AREAS_CANINAS_2023.csv,Tetuán,https://wikidata.org/entity/Q1773540,06,,,,5005553,064,Almenara,https://wikidata.org/entity/Q2265427,CALLE CAÑAVERAL,
AREAS_CANINAS_2023.csv,Tetuán,https://wikidata.org/entity/Q1773540,06,,,,5005554,065,Valdeacederas,https://wikidata.org/entity/Q10388711,CALLE VEZA,
AREAS_CANINAS_2023.csv,Villa de Vallecas,https://wikidata.org/entity/Q1947988,18,,,,5068828,183,Ensanche de Vallecas,https://wikidata.org/entity/Q3847485,CALLE RAYO VALLECANO DE MADRID,
AREAS_CANINAS_2023.csv,Moratalaz,https://wikidata.org/entity/Q2076109,14,,,,5107681,145,Fontarrón,https://wikidata.org/entity/Q10283284,CALLE MANUEL MARIA ARRILLAGA,
AREAS_CANINAS_2023.csv,Centro,https://wikidata.org/entity/Q1763376,01,,,,5003458,012,Embajadores,https://wikidata.org/entity/Q2449844,CALLE CASINO,
AREAS_CANINAS_2023.csv,Retiro,https://wikidata.org/entity/Q2002296,03,,,,4998011,032,Adelfas,https://wikidata.org/entity/Q3774001,CALLE CERRO NEGRO,
AREAS_CANINAS_2023.csv,Retiro,https://wikidata.org/entity/Q2002296,03,,,,5148516,031,Pacífico,https://wikidata.org/entity/Q3773753,CALLE COCHERAS,
AREAS_CANINAS_2023.csv,Fuencarral-El Pardo,https://wikidata.org/entity/Q656196,08,,,,5183029,085,La Paz,https://wikidata.org/entity/Q5869740,CALLE SANGENJO,
AREAS_CANINAS_2023.csv,Moncloa-Aravaca,https://wikidata.org/entity/Q2017682,09,,,,5203827,097,Aravaca,https://wikidata.org/entity/Q3314682,PASEO ERMITA,
AREAS_CANINAS_2023.csv,Tetuán,https://wikidata.org/entity/Q1773540,06,,,,5211510,065,Valdeacederas,https://wikidata.org/entity/Q10388711,,
AREAS_CANINAS_2023.csv,Latina,https://wikidata.org/entity/Q794954,10,,,,5214741,104,Aluche,https://wikidata.org/entity/Q31140,CALLE LOS YEBENES,
AREAS_CANINAS_2023.csv,Arganzuela,https://wikidata.org/entity/Q2000929,02,,,,5214761,024,Legazpi,https://wikidata.org/entity/Q3773990,AVENIDA PLANETARIO,
AREAS_CANINAS_2023.csv,Salamanca,https://wikidata.org/entity/Q1773521,04,,,,5215845,043,Fuente del Berro,https://wikidata.org/entity/Q3814564,CALLE SANCHO DAVILA,
AREAS_CANINAS_2023.csv,Moncloa-Aravaca,https://wikidata.org/entity/Q2017682,09,,,,5214758,093,Ciudad Universitaria,https://wikidata.org/entity/Q3319235,"Calle del Rector Royo Villanova, Madrid",https://wikidata.org/entity/Q53998154
AREAS_CANINAS_2023.csv,Chamberí,https://wikidata.org/entity/Q1763370,07,,,,5003417,072,Arapiles,https://wikidata.org/entity/Q10856744,CALLE GALILEO,
AREAS_CANINAS_2023.csv,Puente de Vallecas,https://wikidata.org/entity/Q2003054,13,,,,5235589,133,Palomeras Bajas,https://wikidata.org/entity/Q10343902,CALLE PUERTO DE COSTABONA,
AREAS_CANINAS_2023.csv,San Blas-Canillejas,https://wikidata.org/entity/Q2001937,20,,,,6293496,206,Rejas,https://wikidata.org/entity/Q10359029,CALLE PIRRA,
AREAS_CANINAS_2023.csv,Tetuán,https://wikidata.org/entity/Q1773540,06,,,,5003497,063,Castillejos,https://wikidata.org/entity/Q11913212,AVENIDA BRASIL,
AREAS_CANINAS_2023.csv,Chamberí,https://wikidata.org/entity/Q1763370,07,,,,7163446,076,Vallehermoso,https://wikidata.org/entity/Q6122685,,
AREAS_CANINAS_2023.csv,Chamberí,https://wikidata.org/entity/Q1763370,07,,,,5003407,075,Ríos Rosas,https://wikidata.org/entity/Q10366270,Fernández de la Hoz street,https://wikidata.org/entity/Q27314868
AREAS_CANINAS_2023.csv,Fuencarral-El Pardo,https://wikidata.org/entity/Q656196,08,,,,7872575,086,Valverde,https://wikidata.org/entity/Q31132,CALLE VILLACASTIN,
AREAS_CANINAS_2023.csv,Fuencarral-El Pardo,https://wikidata.org/entity/Q656196,08,,,,7872577,086,Valverde,https://wikidata.org/entity/Q31132,CALLE ISLAS JARVI,
AREAS_CANINAS_2023.csv,Fuencarral-El Pardo,https://wikidata.org/entity/Q656196,08,,,,7872635,083,PEÑA GRANDE,,CALLE PICO DE MAJALASNA,
AREAS_CANINAS_2023.csv,Ciudad Lineal,https://wikidata.org/entity/Q1763694,15,,,,8781349,152,Pueblo Nuevo,https://wikidata.org/entity/Q71753,CALLE EZEQUIEL SOLANA,
AREAS_CANINAS_2023.csv,Latina,https://wikidata.org/entity/Q794954,10,,,,4998023,102,Barrio de Puerta del Ángel,https://wikidata.org/entity/Q31142,CALLE CARAMUEL,
AREAS_CANINAS_2023.csv,Retiro,https://wikidata.org/entity/Q2002296,03,,,,4998041,033,Estrella,https://wikidata.org/entity/Q3773738,CALLE JUAN ESPLANDIU,
AREAS_CANINAS_2023.csv,Usera,https://wikidata.org/entity/Q953368,12,,,,4996526,126,El Zofío,https://wikidata.org/entity/Q71751,AVENIDA RAFAELA YBARRA,
AREAS_CANINAS_2023.csv,Tetuán,https://wikidata.org/entity/Q1773540,06,,,,5003681,064,Almenara,https://wikidata.org/entity/Q2265427,CALLE SINESIO DELGADO,
AREAS_CANINAS_2023.csv,Ciudad Lineal,https://wikidata.org/entity/Q1763694,15,,,,3570073,159,Costillares,https://wikidata.org/entity/Q331385,CALLE GOLFO DE SALONICA,
AREAS_CANINAS_2023.csv,Hortaleza,https://wikidata.org/entity/Q1928529,16,,,,3575536,162,La Piovera,https://wikidata.org/entity/Q5964851,CALLE FLORENCIO CASTILLO,
AREAS_CANINAS_2023.csv,Usera,https://wikidata.org/entity/Q953368,12,,,,4996498,121,Orcasitas,https://wikidata.org/entity/Q3773941,RONDA COOPERATIVAS,
AREAS_CANINAS_2023.csv,Arganzuela,https://wikidata.org/entity/Q2000929,02,,,,4996676,026,Palos de la Frontera,https://wikidata.org/entity/Q521009,CALLE CANARIAS,
