IPEDSID,2023,2022,2021,2020,2019,2018,2017,2016,2015,2014,2013,2012,2011,2010,2009,2008,2007,2006,2005,2004,2003,2002,2001,2000,1999,1998,1997,1996,1995,1994,1993,1992,1991,1990,1989,1988,1986,1984
168342,1,1,1,1,1,1,1,1,1,1,1,1,1,1,1,1,1,1,1,1,2,3,3,3,3,3,3,2,2,2,1,1,3,3,3,1,1,2
164465,2,2,2,2,2,2,2,2,2,2,2,2,2,2,1,2,2,2,2,2,1,1,1,2,1,2,2,1,1,1,2,3,1,2,2,4,3,1
121345,3,4,4,5,5,6,7,4,5,4,4,4,6,6,6,7,7,6,5,4,5,5,5,7,5,5,5,8,5,5,5,5,6,4,5,6,7,9
216287,4,3,3,3,3,3,4,3,3,3,3,3,3,3,3,3,3,3,2,3,2,1,2,1,2,1,1,2,3,3,3,2,2,1,1,2,2,2
168218,5,5,4,3,3,3,3,4,4,7,6,8,4,4,4,4,4,4,4,4,4,4,4,4,4,3,4,5,4,4,4,6,5,5,4,8,8,6
161004,6,6,6,6,5,3,6,4,5,4,6,6,6,6,6,7,7,6,7,10,7,5,6,9,7,8,8,4,6,6,6,4,4,13,9,12,10,No Rank
173258,6,9,9,7,5,8,7,8,8,7,8,6,8,8,8,5,6,5,5,4,5,5,6,8,9,7,9,11,10,13,12,12,10,14,12,3,4,4
164155,6,6,6,17,22,21,12,9,13,12,14,14,16,19,22,20,No Rank,No Rank,No Rank,No Rank,No Rank,No Rank,No Rank,No Rank,No Rank,No Rank,No Rank,No Rank,No Rank,No Rank,No Rank,No Rank,No Rank,No Rank,No Rank,No Rank,No Rank,No Rank
112260,9,8,6,7,9,8,9,9,8,9,10,9,11,11,11,11,12,10,13,12,13,17,14,14,15,8,15,16,12,11,16,14,13,21,18,23,No Rank,No Rank
197036,9,11,15,21,18,12,19,22,24,17,18,14,16,14,14,22,No Rank,No Rank,No Rank,No Rank,No Rank,No Rank,No Rank,No Rank,No Rank,No Rank,No Rank,No Rank,No Rank,No Rank,No Rank,No Rank,No Rank,No Rank,No Rank,No Rank,No Rank,No Rank
230959,11,9,9,7,5,6,4,4,7,4,4,5,4,4,5,5,5,8,11,7,7,9,6,5,7,8,7,7,11,8,8,9,8,12,14,17,No Rank,No Rank
234207,11,11,9,10,11,10,11,14,14,14,14,12,14,14,17,15,17,14,13,12,15,13,12,14,11,8,13,15,15,20,22,22,15,18,23,25,No Rank,No Rank
167835,13,17,15,11,11,12,12,14,19,20,18,19,14,18,18,17,19,19,13,15,13,14,12,13,11,14,12,10,13,9,10,10,9,7,7,14,No Rank,No Rank
197133,13,22,13,14,11,12,12,12,11,13,10,14,12,11,11,11,12,13,12,14,15,14,16,17,17,17,17,13,16,14,13,13,10,19,15,24,No Rank,No Rank
198385,15,13,15,17,10,10,9,9,11,9,12,11,9,8,9,9,10,10,7,7,9,10,11,11,11,8,11,21,8,12,18,21,10,15,20,15,No Rank,9
153384,15,13,13,14,11,18,19,19,19,17,22,19,18,14,14,11,14,15,16,15,12,11,14,11,11,14,16,14,17,16,14,16,16,10,8,10,9,No Rank
191515,15,13,9,14,16,18,12,14,15,14,16,17,18,21,20,17,17,15,19,21,18,21,21,18,21,22,25,23,T1 (26-40),22,21,25,19,23,24,25,No Rank,No Rank
189097,18,17,22,25,25,26,27,29,32,32,28,33,26,30,27,30,26,27,29,38,28,28,29,25,24,27,23,32,T1 (26-40),Q1 (26-35),Q1 (26-35),19,25,25,19,No Rank,No Rank,No Rank
190099,18,17,10,17,16,12,12,19,22,20,18,21,21,19,18,17,16,15,16,17,18,17,18,18,21,20,20,17,18,19,17,17,22,16,16,No Rank,No Rank,No Rank
212911,18,16,15,11,11,18,12,12,8,9,9,10,9,10,10,10,9,8,9,9,10,5,6,5,5,6,6,5,6,7,9,8,21,11,10,9,5,9
128328,18,22,28,39,30,26,32,29,27,25,31,33,No Rank,No Rank,No Rank,No Rank,No Rank,No Rank,No Rank,No Rank,No Rank,No Rank,No Rank,No Rank,No Rank,No Rank,No Rank,No Rank,No Rank,No Rank,No Rank,No Rank,No Rank,No Rank,No Rank,No Rank,No Rank,No Rank
233374,18,22,22,23,25,23,27,32,30,25,28,27,32,30,33,40,34,34,No Rank,No Rank,No Rank,No Rank,No Rank,No Rank,No Rank,No Rank,No Rank,No Rank,No Rank,No Rank,No Rank,No Rank,No Rank,No Rank,No Rank,No Rank,No Rank,No Rank
130697,18,17,20,17,18,21,21,14,15,17,17,12,12,13,13,11,10,12,9,11,11,11,10,10,9,14,14,12,9,10,7,7,7,8,6,6,No Rank,7
161086,24,17,15,11,18,12,12,19,15,22,18,21,23,22,23,22,20,20,19,17,18,20,19,18,17,18,18,19,23,17,15,20,18,23,22,No Rank,No Rank,No Rank
160977,25,25,22,21,22,23,27,25,19,22,22,21,21,25,25,24,23,21,22,23,22,22,19,23,19,20,22,18,21,18,23,Q1 (26-35),19,21,21,No Rank,No Rank,No Rank
156295,26,30,33,46,61,68,60,67,69,76,75,71,67,No Rank,68,75,No Rank,No Rank,No Rank,No Rank,No Rank,No Rank,No Rank,No Rank,No Rank,No Rank,No Rank,No Rank,T3 (81-120),No Rank,No Rank,No Rank,No Rank,No Rank,No Rank,No Rank,No Rank,No Rank
126678,27,26,25,27,27,23,24,25,27,31,28,27,26,24,30,26,26,27,33,27,29,28,29,25,24,31,28,28,20,Q1 (26-35),Q1 (26-35),Q2 (36-70),Q1 (26-36),No Rank,25,20,11,No Rank
173902,27,27,27,25,27,26,24,23,24,24,24,25,26,29,25,26,24,25,26,25,26,26,25,24,24,25,32,34,T1 (26-40),Q1 (26-35),Q2 (36-70),Q2 (36-70),Q2 (37-71),No Rank,No Rank,No Rank,No Rank,No Rank
115409,29,28,25,23,18,12,21,14,15,16,12,18,18,14,14,15,14,18,16,17,15,14,No Rank,No Rank,No Rank,No Rank,No Rank,No Rank,No Rank,No Rank,No Rank,No Rank,No Rank,No Rank,No Rank,No Rank,No Rank,No Rank
399911,29,29,28,27,22,39,41,45,41,41,49,64,No Rank,No Rank,No Rank,No Rank,No Rank,No Rank,No Rank,No Rank,No Rank,No Rank,No Rank,No Rank,No Rank,No Rank,No Rank,No Rank,No Rank,No Rank,No Rank,No Rank,No Rank,No Rank,No Rank,No Rank,No Rank,No Rank
211273,31,30,28,27,27,32,31,25,27,30,26,25,30,25,23,24,20,21,21,17,21,17,16,18,15,8,10,9,14,15,10,11,23,5,13,11,No Rank,8
203535,31,30,28,27,30,26,27,25,30,32,32,33,32,33,32,32,32,32,29,30,29,33,29,32,31,31,33,36,T1 (26-40),Q2 (36-70),Q2 (36-70),Q2 (36-70),Q1 (26-36),No Rank,No Rank,No Rank,No Rank,No Rank
166124,33,35,36,27,35,33,32,32,34,25,32,29,32,36,35,33,32,32,31,27,26,32,29,30,30,25,27,26,24,25,Q1 (26-35),23,Q1 (26-36),No Rank,No Rank,No Rank,No Rank,No Rank
121257,33,35,36,35,41,33,32,36,35,35,43,42,46,49,49,49,51,53,59,70,T2 (53-112),No Rank,T2 (52-80),T2 (43-80),T2 (41-89),T2 (43-92),T2 (41-80),T2 (41-81),T2 (41-80),Q2 (36-70),Q2 (36-70),Q2 (36-70),Q2 (37-71),No Rank,No Rank,No Rank,No Rank,No Rank
123165,33,30,28,33,30,26,23,29,24,25,24,29,23,25,27,28,26,27,26,34,29,33,37,35,39,37,36,37,T1 (26-40),Q2 (36-70),Q2 (36-70),Q1 (26-35),Q1 (26-36),No Rank,No Rank,No Rank,No Rank,No Rank
166939,36,30,34,32,30,36,36,35,41,38,32,29,26,25,27,28,24,23,24,25,23,24,21,16,19,18,19,19,T1 (26-40),23,19,18,17,17,17,17,11,No Rank
211291,37,38,34,35,36,33,32,32,32,32,32,29,30,30,30,30,29,27,26,27,29,28,27,30,31,27,31,30,25,Q1 (26-35),Q1 (26-35),Q1 (26-35),Q1 (26-36),No Rank,No Rank,No Rank,No Rank,No Rank
120254,37,42,40,39,39,44,44,43,44,41,39,37,36,33,37,36,36,41,42,40,44,44,39,40,36,33,38,39,T2 (41-80),Q1 (26-35),Q1 (26-35),24,24,No Rank,No Rank,No Rank,No Rank,No Rank
202523,39,42,44,43,43,46,51,55,51,50,49,49,51,53,53,52,48,51,50,49,T2 (53-112),No Rank,42,T2 (43-80),T2 (41-89),T2 (43-92),T2 (41-80),T2 (41-81),T2 (41-80),Q2 (36-70),Q2 (36-70),Q2 (36-70),Q2 (37-71),No Rank,No Rank,No Rank,No Rank,No Rank
212577,39,42,43,38,36,39,47,40,37,45,46,42,41,43,42,40,41,39,38,38,36,36,33,35,33,33,34,29,T1 (26-40),Q1 (26-35),Q1 (26-35),Q1 (26-35),Q1 (26-36),No Rank,No Rank,No Rank,No Rank,No Rank
213385,39,38,40,39,36,36,36,37,35,36,39,40,38,35,35,34,29,27,31,30,29,33,36,33,33,37,39,33,T1 (26-40),Q1 (26-35),25,Q1 (26-35),Q1 (26-36),No Rank,No Rank,No Rank,No Rank,No Rank
204501,39,37,36,33,30,26,24,23,23,25,26,25,23,22,20,20,22,23,23,24,23,22,23,25,24,22,24,22,19,21,20,15,14,9,11,5,6,5
195526,39,38,36,39,41,41,38,38,37,45,43,49,41,46,47,47,48,41,45,42,41,42,47,T2 (43-80),T2 (41-89),T2 (43-92),T2 (41-80),T2 (41-81),T2 (41-80),Q2 (36-70),Q2 (36-70),Q2 (36-70),Q2 (37-71),No Rank,No Rank,No Rank,No Rank,No Rank
130590,39,46,44,46,46,44,38,43,45,36,38,37,36,36,33,34,29,25,24,22,25,24,23,22,23,22,21,23,22,24,24,Q1 (26-35),Q1 (26-36),20,No Rank,No Rank,No Rank,No Rank
150400,45,46,47,46,56,53,53,51,51,54,54,53,51,43,49,49,48,49,42,40,39,40,39,T2 (43-80),T2 (41-89),T2 (43-92),T2 (41-80),T2 (41-81),T2 (41-80),Q2 (36-70),Q2 (36-70),Q2 (36-70),Q2 (37-71),No Rank,No Rank,No Rank,No Rank,No Rank
218070,45,46,52,46,51,53,53,51,51,52,49,42,41,40,37,37,41,41,38,42,41,44,42,T2 (43-80),T2 (41-89),T2 (43-92),T2 (41-80),T2 (41-81),T2 (41-80),Q2 (36-70),Q2 (36-70),Q2 (36-70),Q2 (37-71),No Rank,No Rank,No Rank,No Rank,No Rank
124292,45,42,40,35,43,58,53,82,77,61,82,71,71,68,60,83,73,88,89,91,T2 (53-112),No Rank,No Rank,No Rank,T2 (41-89),T2 (43-92),T2 (41-80),T3 (82-121),T3 (81-120),No Rank,No Rank,No Rank,No Rank,No Rank,No Rank,No Rank,No Rank,No Rank
170286,48,46,54,64,76,71,83,67,69,82,96,No Rank,88,89,98,97,T3 (111-162),104,96,97,T2 (53-112),No Rank,No Rank,No Rank,No Rank,No Rank,No Rank,No Rank,No Rank,No Rank,No Rank,No Rank,No Rank,No Rank,No Rank,No Rank,No Rank,No Rank
196866,48,50,44,45,39,36,38,38,41,41,41,40,41,43,42,40,39,36,40,37,38,38,35,33,33,35,34,31,T1 (26-40),Q1 (26-35),Q1 (26-35),Q1 (26-35),Q1 (26-36),No Rank,No Rank,No Rank,No Rank,No Rank
237057,48,38,47,46,43,41,41,40,37,41,43,42,38,36,37,37,36,36,35,34,40,38,33,35,36,40,T2 (41-80),T2 (41-81),T2 (41-80),Q2 (36-70),Q2 (36-70),Q2 (36-70),Q3 (72-106),No Rank,No Rank,No Rank,No Rank,No Rank
212009,51,50,47,46,51,51,41,40,37,45,46,47,47,46,45,44,41,45,40,42,44,44,47,39,T2 (41-89),T2 (43-92),T2 (41-80),40,T2 (41-80),Q2 (36-70),Q2 (36-70),Q2 (36-70),Q1 (26-36),No Rank,No Rank,No Rank,No Rank,No Rank
148016,51,59,93,100,81,112,115,127,139,107,121,112,127,No Rank,No Rank,85,86,84,96,91,T2 (53-112),No Rank,No Rank,No Rank,No Rank,No Rank,No Rank,No Rank,No Rank,Q4 (106-140),Q4 (106-140),Q3 (71-105),Q3 (72-106),No Rank,No Rank,No Rank,No Rank,No Rank
221519,51,50,47,43,49,41,47,48,45,38,36,33,32,36,41,40,34,34,33,33,29,28,25,25,24,27,29,27,T1 (26-40),Q1 (26-35),Q1 (26-35),Q1 (26-35),Q2 (37-71),No Rank,No Rank,No Rank,No Rank,No Rank
141060,51,54,54,57,51,61,72,72,81,65,68,62,59,68,77,75,74,73,66,81,T2 (53-112),No Rank,T3 (81-120),T3 (81-121),T2 (41-89),T3 (93-127),T3 (81-120),T3 (82-121),T3 (81-120),No Rank,No Rank,No Rank,No Rank,No Rank,No Rank,No Rank,No Rank,No Rank
156408,55,59,52,53,46,46,44,45,45,49,52,42,47,46,45,44,44,41,42,45,44,42,42,T2 (43-80),T2 (41-89),40,T2 (41-80),T2 (41-81),T2 (41-80),Q2 (36-70),Q2 (36-70),Q2 (36-70),Q2 (37-71),No Rank,No Rank,22,No Rank,No Rank
128902,55,50,51,46,46,46,50,48,45,45,41,37,41,42,42,44,39,36,35,34,29,26,27,25,24,27,26,25,T1 (26-40),Q1 (26-35),Q1 (26-35),Q1 (26-35),Q2 (37-71),No Rank,No Rank,No Rank,No Rank,No Rank
221351,55,54,54,53,51,51,44,51,54,54,52,51,47,54,49,49,45,45,45,45,41,44,38,T2 (43-80),T2 (41-89),T2 (43-92),T2 (41-80),T2 (41-81),T1 (26-40),Q2 (36-70),Q2 (36-70),Q2 (36-70),Q2 (37-71),No Rank,No Rank,No Rank,No Rank,No Rank
152673,55,57,54,53,56,65,65,61,61,57,56,53,58,54,54,52,51,51,48,50,44,48,T2 (52-80),T2 (43-80),T2 (41-89),T2 (43-92),T2 (41-80),38,T2 (41-80),Q2 (36-70),Q2 (36-70),Q2 (36-70),Q2 (37-71),No Rank,No Rank,No Rank,No Rank,No Rank
189088,60,62,54,62,56,46,49,45,45,38,36,51,38,40,37,37,36,39,35,30,36,38,39,40,39,37,40,T2 (41-81),T1 (26-40),Q2 (36-70),Q2 (36-70),Q2 (36-70),Q2 (37-71),No Rank,No Rank,No Rank,No Rank,No Rank
212674,61,54,54,53,49,46,51,48,50,50,46,47,47,49,49,48,45,47,45,45,44,48,T2 (52-80),T2 (43-80),T2 (41-89),T2 (43-92),T2 (41-80),T2 (41-81),T2 (41-80),Q2 (36-70),Q2 (36-70),Q2 (36-70),Q1 (26-36),No Rank,No Rank,No Rank,No Rank,No Rank
163976,61,67,63,64,61,53,53,55,56,123,133,139,177,122,122,T3 (126-184),T3 (111-162),T3 (111-164),T3 (111-162),T3 (111-161),T3 (113-161),No Rank,T3 (81-120),T3 (81-121),T2 (41-89),T2 (43-92),T2 (41-80),T3 (82-121),T2 (41-80),Q2 (36-70),Q2 (36-70),Q2 (36-70),Q2 (37-71),No Rank,No Rank,19,No Rank,No Rank
138600,63,66,61,58,51,61,70,67,73,89,75,68,67,59,60,63,61,55,53,50,T2 (53-112),No Rank,T2 (52-80),T2 (43-80),T2 (41-89),T2 (43-92),T2 (41-80),T2 (41-81),T2 (41-80),Q2 (36-70),Q2 (36-70),Q2 (36-70),Q2 (37-71),No Rank,No Rank,No Rank,No Rank,No Rank
239017,63,62,63,58,56,58,60,57,59,59,56,60,67,59,56,56,52,53,53,52,50,48,42,40,T2 (41-89),40,T2 (41-80),T2 (41-81),T1 (26-40),Q2 (36-70),Q2 (36-70),Q2 (36-70),Q2 (37-71),No Rank,No Rank,No Rank,No Rank,No Rank
245652,63,75,76,72,72,76,83,100,89,No Rank,No Rank,No Rank,No Rank,No Rank,No Rank,T3 (126-184),T3 (111-162),T3 (111-164),T3 (111-162),T3 (111-161),T3 (113-161),No Rank,T4 (121-162),T3 (81-121),T3 (90-122),T2 (43-92),T2 (41-80),T2 (41-81),T3 (81-120),Q3 (71-105),Q3 (71-105),Q2 (36-70),Q2 (37-71),No Rank,No Rank,No Rank,No Rank,No Rank
174844,63,62,67,62,61,57,53,51,54,52,55,53,51,49,47,54,55,55,62,59,T2 (53-112),No Rank,T2 (52-80),T2 (43-80),T2 (41-89),T2 (43-92),T2 (41-80),T2 (41-81),T2 (41-80),Q2 (36-70),Q2 (36-70),Q2 (36-70),Q2 (37-71),No Rank,No Rank,20,No Rank,No Rank
149781,63,59,61,58,61,63,62,57,56,57,56,57,55,56,56,59,61,55,51,52,T2 (53-112),No Rank,42,T2 (43-80),T2 (41-89),T2 (43-92),T2 (41-80),T2 (41-81),T2 (41-80),Q2 (36-70),Q2 (36-70),Q3 (71-105),Q3 (72-106),No Rank,No Rank,No Rank,No Rank,No Rank
170532,68,71,67,72,65,76,68,66,64,61,68,68,71,68,60,67,57,55,53,66,T2 (53-112),No Rank,T2 (52-80),T2 (43-80),T2 (41-89),T2 (43-92),T2 (41-80),T2 (41-81),T2 (41-80),Q2 (36-70),Q2 (36-70),Q2 (36-70),Q2 (37-71),No Rank,No Rank,No Rank,No Rank,No Rank
195216,68,57,54,58,56,58,53,60,56,56,56,53,55,56,58,56,57,61,62,62,T2 (53-112),No Rank,T2 (52-80),T2 (43-80),T2 (41-89),T2 (43-92),T2 (41-80),T2 (41-81),T2 (41-80),Q2 (36-70),Q2 (36-70),Q2 (36-70),Q2 (37-71),No Rank,No Rank,No Rank,No Rank,No Rank
234085,70,67,69,72,81,65,72,82,64,65,70,71,62,62,71,71,86,73,77,70,T2 (53-112),No Rank,T3 (81-120),T3 (81-121),T3 (90-122),T3 (93-127),T3 (81-120),T3 (82-121),T3 (81-120),Q3 (71-105),Q3 (71-105),Q2 (36-70),Q2 (37-71),No Rank,No Rank,No Rank,No Rank,No Rank
218973,70,67,69,72,72,71,77,82,77,65,63,64,62,62,60,59,57,55,66,66,T2 (53-112),No Rank,T2 (52-80),T2 (43-80),T2 (41-89),T2 (43-92),T3 (81-120),T2 (41-81),T2 (41-80),No Rank,No Rank,No Rank,No Rank,No Rank,No Rank,No Rank,No Rank,No Rank
191630,72,75,72,72,68,65,65,61,61,61,60,64,67,68,68,63,65,61,68,70,T2 (53-112),No Rank,T3 (81-120),T2 (43-80),T2 (41-89),T2 (43-92),T2 (41-80),T2 (41-81),T2 (41-80),Q2 (36-70),Q2 (36-70),Q2 (36-70),Q2 (37-71),No Rank,No Rank,No Rank,No Rank,No Rank
146427,72,79,72,66,68,71,77,72,81,82,75,71,75,80,88,80,79,73,77,78,T2 (53-112),No Rank,T2 (52-80),T2 (43-80),T2 (41-89),T2 (43-92),T2 (41-80),T2 (41-81),T2 (41-80),Q2 (36-70),Q2 (36-70),Q3 (71-105),Q2 (37-71),No Rank,No Rank,No Rank,No Rank,No Rank
209922,72,62,63,68,90,82,87,93,77,74,75,57,54,49,54,54,52,47,53,56,T2 (53-112),No Rank,T2 (52-80),T2 (43-80),T2 (41-89),T2 (43-92),37,T4 (122-161),T2 (41-80),Q2 (36-70),Q2 (36-70),Q2 (36-70),Q2 (37-71),No Rank,No Rank,12,11,9
195304,72,71,63,68,65,53,59,57,59,No Rank,No Rank,No Rank,No Rank,No Rank,No Rank,No Rank,45,49,48,48,49,40,50,38,36,35,29,35,T1 (26-40),Q2 (36-70),Q1 (26-35),Q1 (26-35),Q2 (37-71),No Rank,No Rank,No Rank,No Rank,No Rank
210669,76,85,80,82,76,82,77,72,81,82,82,86,93,85,94,85,82,88,83,88,T2 (53-112),No Rank,T2 (52-80),T2 (43-80),T2 (41-89),T2 (43-92),T2 (41-80),T2 (41-81),T2 (41-80),Q2 (36-70),Q3 (71-105),Q3 (71-105),Q3 (72-106),No Rank,No Rank,No Rank,No Rank,No Rank
206589,76,71,69,66,67,63,62,61,69,65,63,71,71,68,77,71,65,68,59,59,T2 (53-112),No Rank,T2 (52-80),T2 (43-80),T2 (41-89),T2 (43-92),T2 (41-80),T2 (41-81),T2 (41-80),Q3 (71-105),Q2 (36-70),Q2 (36-70),Q2 (37-71),No Rank,No Rank,No Rank,No Rank,No Rank
214175,76,67,72,72,81,71,65,72,64,65,70,81,75,68,71,71,74,73,70,70,T2 (53-112),No Rank,T2 (52-80),T2 (43-80),T2 (41-89),T2 (43-92),T3 (81-120),T2 (41-81),T3 (81-120),Q3 (71-105),Q3 (71-105),Q2 (36-70),Q3 (72-106),No Rank,No Rank,No Rank,No Rank,No Rank
262129,76,82,84,102,90,101,90,82,87,89,87,94,99,97,94,87,86,88,No Rank,No Rank,No Rank,No Rank,No Rank,No Rank,No Rank,No Rank,No Rank,No Rank,No Rank,No Rank,No Rank,No Rank,No Rank,No Rank,No Rank,No Rank,No Rank,No Rank
210401,76,71,72,68,76,82,72,67,64,61,63,57,59,62,60,63,65,61,51,56,50,No Rank,50,T2 (43-80),T2 (41-89),T2 (43-92),T2 (41-80),T2 (41-81),T2 (41-80),Q2 (36-70),Q3 (71-105),Q3 (71-105),Q3 (72-106),No Rank,No Rank,No Rank,No Rank,No Rank
238333,81,75,80,82,68,76,62,61,61,59,63,60,55,62,60,67,61,61,53,52,T2 (53-112),48,47,T2 (43-80),T2 (41-89),T2 (43-92),T2 (41-80),T2 (41-81),T2 (41-80),Q2 (36-70),Q3 (71-105),Q3 (71-105),Q3 (72-106),No Rank,No Rank,No Rank,No Rank,No Rank
150455,81,92,84,80,81,68,68,61,73,65,82,68,75,62,67,69,65,69,70,63,T2 (53-112),No Rank,T2 (52-80),T2 (43-80),T2 (41-89),T2 (43-92),T2 (41-80),T2 (41-81),T2 (41-80),Q2 (36-70),Q2 (36-70),Q2 (36-70),Q2 (37-71),No Rank,No Rank,16,11,No Rank
173647,81,79,84,89,90,85,77,79,64,76,85,81,79,80,88,No Rank,79,73,77,70,T2 (53-112),No Rank,T2 (52-80),T2 (43-80),T2 (41-89),T2 (43-92),T2 (41-80),T2 (41-81),T2 (41-80),Q3 (71-105),Q2 (36-70),Q3 (71-105),Q3 (72-106),No Rank,No Rank,No Rank,No Rank,No Rank
230816,84,79,76,89,95,87,90,93,89,100,100,102,122,112,104,106,91,100,96,70,T2 (53-112),No Rank,T3 (81-120),T4 (122-161),T3 (90-122),T2 (43-92),T3 (81-120),T3 (82-121),T3 (81-120),Q3 (71-105),Q3 (71-105),Q2 (36-70),Q2 (37-71),No Rank,No Rank,No Rank,No Rank,No Rank
146481,85,82,84,92,103,101,108,108,120,110,100,99,105,97,94,97,95,T3 (111-164),105,97,T2 (53-112),No Rank,T3 (81-120),T3 (81-121),T3 (90-122),T2 (43-92),T2 (41-80),T2 (41-81),T2 (41-80),Q2 (36-70),Q2 (36-70),Q2 (36-70),Q2 (37-71),No Rank,No Rank,No Rank,No Rank,No Rank
228343,85,98,102,92,90,96,95,90,87,65,60,71,62,61,68,59,57,61,62,52,T2 (53-112),No Rank,T2 (52-80),T2 (43-80),T2 (41-89),T2 (43-92),T2 (41-80),T2 (41-81),T3 (81-120),No Rank,No Rank,No Rank,No Rank,No Rank,No Rank,No Rank,No Rank,No Rank
236328,85,85,84,89,72,68,70,72,81,76,85,81,81,80,81,80,82,81,77,81,T2 (53-112),No Rank,T2 (52-80),T3 (81-121),T2 (41-89),T2 (43-92),T3 (81-120),T3 (82-121),T2 (41-80),No Rank,No Rank,No Rank,No Rank,No Rank,No Rank,No Rank,No Rank,No Rank
164216,85,98,96,105,108,96,99,100,105,107,96,110,93,112,94,97,T3 (111-162),104,89,97,T2 (53-112),No Rank,T3 (81-120),T3 (81-121),T3 (90-122),T3 (93-127),T3 (81-120),T3 (82-121),T3 (81-120),Q3 (71-105),Q3 (71-105),Q3 (71-105),Q3 (72-106),No Rank,No Rank,No Rank,No Rank,No Rank
213251,89,75,84,82,86,106,108,105,105,100,100,102,81,85,98,97,95,100,101,106,T2 (53-112),No Rank,T3 (81-120),T3 (81-121),T3 (90-122),T3 (93-127),T3 (81-120),T3 (82-121),T3 (81-120),Q3 (71-105),Q3 (71-105),Q3 (71-105),Q3 (72-106),No Rank,No Rank,No Rank,No Rank,No Rank
163912,89,89,80,92,95,96,99,93,89,89,87,90,88,92,84,87,95,84,87,78,T2 (53-112),No Rank,T2 (52-80),T2 (43-80),T2 (41-89),T2 (43-92),T2 (41-80),T3 (82-121),T3 (81-120),No Rank,No Rank,No Rank,No Rank,No Rank,No Rank,No Rank,No Rank,No Rank
167996,89,98,113,124,124,111,108,116,105,115,100,112,105,112,115,106,No Rank,No Rank,No Rank,No Rank,No Rank,No Rank,No Rank,No Rank,No Rank,No Rank,No Rank,No Rank,No Rank,No Rank,No Rank,No Rank,No Rank,No Rank,No Rank,No Rank,No Rank,No Rank
216524,89,85,84,82,90,93,95,93,No Rank,82,75,71,71,77,81,69,69,71,70,70,T2 (53-112),No Rank,T2 (52-80),T2 (43-80),T2 (41-89),T2 (43-92),T3 (81-120),T2 (41-81),T3 (81-120),Q3 (71-105),Q3 (71-105),Q3 (71-105),Q3 (72-106),No Rank,No Rank,No Rank,No Rank,No Rank
168281,89,85,84,82,86,76,77,67,69,65,60,62,59,58,58,56,55,66,62,63,T2 (53-112),No Rank,T2 (52-80),T2 (43-80),T2 (41-89),T2 (43-92),T2 (41-80),T2 (41-81),T2 (41-80),Q3 (71-105),Q2 (36-70),Q2 (36-70),Q2 (37-71),No Rank,No Rank,No Rank,No Rank,No Rank
143084,94,92,96,92,95,101,99,105,105,100,96,86,88,97,88,91,104,94,89,88,T2 (53-112),No Rank,T3 (81-120),T3 (81-121),T2 (41-89),T2 (43-92),T3 (81-120),T3 (82-121),T3 (81-120),Q3 (71-105),Q4 (106-140),Q4 (106-140),Q3 (72-106),No Rank,No Rank,No Rank,No Rank,No Rank
174747,94,92,96,82,86,87,87,90,89,94,96,90,81,80,84,106,95,88,101,97,T2 (53-112),No Rank,T3 (81-120),T3 (81-121),T3 (90-122),T3 (93-127),T3 (81-120),T4 (122-161),T4 (121-160),No Rank,No Rank,No Rank,No Rank,No Rank,No Rank,No Rank,No Rank,No Rank
232256,94,98,102,111,113,96,105,108,105,97,108,94,111,97,98,106,104,104,T3 (111-162),106,T3 (113-161),No Rank,T3 (81-120),T3 (81-121),T3 (90-122),T3 (93-127),T2 (41-80),T3 (82-121),T3 (81-120),Q3 (71-105),Q3 (71-105),Q3 (71-105),Q2 (37-71),No Rank,No Rank,No Rank,No Rank,No Rank
209056,94,82,76,72,68,76,87,72,77,74,70,71,75,79,71,80,79,81,77,85,T2 (53-112),No Rank,T3 (81-120),T3 (81-121),T2 (41-89),T2 (43-92),T3 (81-120),T2 (41-81),T3 (81-120),Q2 (36-70),Q3 (71-105),Q3 (71-105),Q3 (72-106),No Rank,No Rank,No Rank,No Rank,No Rank
174792,94,105,102,92,95,85,77,79,73,76,75,71,62,68,71,75,69,69,77,81,T2 (53-112),No Rank,T3 (81-120),T3 (81-121),T3 (90-122),T3 (93-127),T3 (81-120),T3 (82-121),T3 (81-120),Q4 (106-140),Q4 (106-140),Q4 (106-140),Q3 (72-106),No Rank,No Rank,No Rank,No Rank,No Rank
216667,94,92,96,92,103,106,99,100,96,97,90,102,101,92,104,106,104,94,83,91,T2 (53-112),No Rank,T3 (81-120),T3 (81-121),T2 (41-89),T3 (93-127),T3 (81-120),T3 (82-121),T2 (41-80),Q3 (71-105),Q3 (71-105),Q3 (71-105),Q3 (72-106),No Rank,No Rank,No Rank,No Rank,No Rank
153162,100,89,76,68,81,87,90,93,105,97,90,94,81,85,88,97,T3 (111-162),T3 (111-164),T3 (111-162),T3 (111-161),T2 (53-112),No Rank,T3 (81-120),T3 (81-121),T3 (90-122),T3 (93-127),T3 (81-120),T3 (82-121),T3 (81-120),Q3 (71-105),Q3 (71-105),Q3 (71-105),Q3 (72-106),No Rank,No Rank,No Rank,No Rank,No Rank
152390,100,105,96,102,95,101,95,82,96,76,87,90,93,97,104,91,No Rank,No Rank,No Rank,No Rank,No Rank,No Rank,No Rank,No Rank,No Rank,No Rank,No Rank,No Rank,No Rank,No Rank,No Rank,No Rank,No Rank,No Rank,No Rank,No Rank,No Rank,No Rank
150756,102,98,102,105,113,112,122,116,113,115,112,116,114,105,98,91,86,94,89,90,T2 (53-112),No Rank,T4 (121-162),T3 (81-121),T3 (90-122),T3 (93-127),T3 (81-120),T3 (82-121),T4 (121-160),Q3 (71-105),Q3 (71-105),Q3 (71-105),Q3 (72-106),No Rank,No Rank,No Rank,No Rank,No Rank
107080,102,98,93,92,76,76,72,82,81,82,70,86,81,80,77,71,69,73,70,70,T2 (53-112),No Rank,T3 (81-120),T3 (81-121),T3 (90-122),T2 (43-92),T3 (81-120),T2 (41-81),T2 (41-80),Q3 (71-105),Q3 (71-105),Q3 (71-105),Q3 (72-106),No Rank,No Rank,No Rank,No Rank,No Rank
232308,102,105,102,102,103,112,105,108,112,110,112,116,105,105,98,97,104,88,87,85,T2 (53-112),No Rank,T2 (52-80),T2 (43-80),T2 (41-89),T2 (43-92),T3 (81-120),T3 (82-121),T3 (81-120),Q3 (71-105),Q3 (71-105),Q3 (71-105),Q3 (72-106),No Rank,No Rank,No Rank,No Rank,No Rank
170301,102,111,112,105,103,106,108,100,99,100,100,94,88,92,88,97,95,94,96,91,T2 (53-112),No Rank,T3 (81-120),T3 (81-121),T2 (41-89),T3 (93-127),T3 (81-120),T2 (41-81),T3 (81-120),Q3 (71-105),Q3 (71-105),Q3 (71-105),Q3 (72-106),No Rank,No Rank,No Rank,No Rank,No Rank
157818,102,92,84,72,76,87,83,82,81,76,75,81,88,85,77,87,95,104,105,97,T2 (53-112),No Rank,T3 (81-120),T3 (81-121),T2 (41-89),T3 (93-127),T3 (81-120),T3 (82-121),T3 (81-120),No Rank,No Rank,No Rank,No Rank,No Rank,No Rank,No Rank,No Rank,No Rank
222983,107,111,102,117,103,93,105,79,89,82,63,64,81,68,71,75,74,73,70,78,T2 (53-112),No Rank,T3 (81-120),T2 (43-80),T2 (41-89),T2 (43-92),T3 (81-120),T3 (82-121),T3 (81-120),Q3 (71-105),Q3 (71-105),Q3 (71-105),Q3 (72-106),No Rank,No Rank,No Rank,No Rank,No Rank
153834,107,105,102,100,89,87,90,90,89,94,100,86,81,89,88,97,95,T3 (111-164),101,106,T2 (53-112),No Rank,T3 (81-120),T3 (81-121),T3 (90-122),T3 (93-127),T3 (81-120),T3 (82-121),T3 (81-120),Q3 (71-105),Q3 (71-105),Q4 (106-140),Q4 (107-141),No Rank,No Rank,No Rank,No Rank,No Rank
233295,107,111,102,111,120,126,132,125,124,134,112,127,131,No Rank,No Rank,122,104,104,105,97,T3 (113-161),No Rank,T3 (81-120),T3 (81-121),T3 (90-122),T3 (93-127),T3 (81-120),T3 (82-121),T4 (121-160),Q4 (106-140),Q3 (71-105),Q3 (71-105),Q3 (72-106),No Rank,No Rank,No Rank,No Rank,No Rank
125763,107,114,102,105,108,128,132,127,133,126,145,133,137,No Rank,No Rank,T3 (126-184),T3 (111-162),T3 (111-164),T3 (111-162),T3 (111-161),T3 (113-161),No Rank,T3 (81-120),T3 (81-121),T3 (90-122),T3 (93-127),T4 (121-160),T3 (82-121),T3 (81-120),No Rank,No Rank,No Rank,No Rank,No Rank,No Rank,No Rank,No Rank,No Rank
100937,111,128,130,140,131,123,132,120,124,115,124,102,93,92,81,76,74,88,70,66,T2 (53-112),No Rank,T2 (52-80),T2 (43-80),T2 (41-89),T2 (43-92),T2 (41-80),T2 (41-81),T2 (41-80),Q3 (71-105),Q3 (71-105),Q3 (71-105),Q4 (107-141),No Rank,No Rank,No Rank,No Rank,No Rank
184348,111,117,113,117,116,112,108,112,99,107,100,94,79,68,71,63,69,66,59,59,T2 (53-112),No Rank,T2 (52-80),T2 (43-80),T2 (41-89),T2 (43-92),T2 (41-80),T2 (41-81),T2 (41-80),Q2 (36-70),Q2 (36-70),Q2 (36-70),Q3 (72-106),No Rank,No Rank,No Rank,No Rank,No Rank
162654,111,117,120,111,116,112,113,112,105,110,110,121,111,105,111,91,91,94,96,91,T2 (53-112),No Rank,T3 (81-120),T3 (81-121),T3 (90-122),T3 (93-127),T3 (81-120),T3 (82-121),T2 (41-80),Q2 (36-70),Q2 (36-70),Q3 (71-105),Q3 (72-106),No Rank,No Rank,No Rank,No Rank,No Rank
213668,111,124,120,117,131,147,154,164,159,161,156,151,144,No Rank,No Rank,T3 (126-184),T3 (111-162),T3 (111-164),T3 (111-162),T3 (111-161),T3 (113-161),No Rank,No Rank,No Rank,No Rank,No Rank,No Rank,No Rank,No Rank,No Rank,No Rank,No Rank,No Rank,No Rank,No Rank,No Rank,No Rank,No Rank
204909,111,98,93,92,95,101,95,108,99,100,108,102,105,105,111,97,95,100,89,97,T2 (53-112),No Rank,T3 (81-120),T3 (81-121),T3 (90-122),T2 (43-92),T2 (41-80),T2 (41-81),T2 (41-80),No Rank,No Rank,No Rank,No Rank,No Rank,No Rank,No Rank,No Rank,No Rank
183239,111,105,102,114,95,106,115,112,120,120,130,139,122,No Rank,No Rank,T3 (126-184),T3 (111-162),T3 (111-164),T3 (111-162),T3 (111-161),T3 (113-161),No Rank,No Rank,No Rank,No Rank,No Rank,No Rank,No Rank,No Rank,No Rank,No Rank,No Rank,No Rank,No Rank,No Rank,No Rank,No Rank,No Rank
239716,111,117,130,145,127,134,132,127,123,134,138,127,127,No Rank,No Rank,T3 (126-184),No Rank,No Rank,No Rank,No Rank,No Rank,No Rank,No Rank,No Rank,No Rank,No Rank,No Rank,No Rank,No Rank,No Rank,No Rank,No Rank,No Rank,No Rank,No Rank,No Rank,No Rank,No Rank
216278,111,117,113,117,135,141,132,120,116,115,No Rank,116,114,112,115,106,104,T3 (111-164),T3 (111-162),T3 (111-161),T3 (113-161),No Rank,No Rank,No Rank,No Rank,No Rank,No Rank,No Rank,No Rank,No Rank,No Rank,No Rank,No Rank,No Rank,No Rank,No Rank,No Rank,No Rank
231059,119,126,120,124,116,106,99,105,99,89,90,99,93,105,104,106,No Rank,No Rank,No Rank,No Rank,No Rank,No Rank,No Rank,No Rank,No Rank,No Rank,No Rank,No Rank,No Rank,No Rank,No Rank,No Rank,No Rank,No Rank,No Rank,No Rank,No Rank,No Rank
209065,120,117,120,117,108,117,128,120,124,123,112,121,105,118,118,122,No Rank,No Rank,No Rank,No Rank,No Rank,No Rank,No Rank,No Rank,No Rank,No Rank,No Rank,No Rank,No Rank,No Rank,No Rank,No Rank,No Rank,No Rank,No Rank,No Rank,No Rank,No Rank
233426,120,128,130,130,135,138,140,143,133,126,133,133,158,No Rank,No Rank,T3 (126-184),T3 (111-162),T3 (111-164),T3 (111-162),T3 (111-161),T3 (113-161),No Rank,No Rank,No Rank,No Rank,No Rank,No Rank,No Rank,No Rank,No Rank,No Rank,No Rank,No Rank,No Rank,No Rank,No Rank,No Rank,No Rank
215798,120,146,140,132,152,147,149,154,No Rank,No Rank,No Rank,No Rank,No Rank,No Rank,No Rank,No Rank,No Rank,No Rank,No Rank,No Rank,No Rank,No Rank,No Rank,No Rank,No Rank,No Rank,No Rank,No Rank,No Rank,No Rank,No Rank,No Rank,No Rank,No Rank,No Rank,No Rank,No Rank,No Rank
140553,124,128,155,154,143,160,159,148,133,126,124,127,127,No Rank,No Rank,T3 (126-184),T3 (111-162),T3 (111-164),T3 (111-162),T3 (111-161),T3 (113-161),No Rank,T4 (121-162),T4 (122-161),T4 (123-162),T3 (93-127),T3 (81-120),T3 (82-121),No Rank,No Rank,No Rank,No Rank,No Rank,No Rank,No Rank,No Rank,No Rank,No Rank
218539,124,128,127,140,127,123,119,127,124,126,121,121,119,105,104,106,T3 (111-162),100,89,106,T2 (53-112),No Rank,T2 (52-80),T3 (81-121),T3 (90-122),T3 (93-127),T3 (81-120),T3 (82-121),T3 (81-120),No Rank,No Rank,No Rank,No Rank,No Rank,No Rank,No Rank,No Rank,No Rank
233301,124,141,140,132,141,138,132,158,133,134,112,112,114,118,118,91,86,84,83,81,T2 (53-112),No Rank,T2 (52-80),T2 (43-80),T2 (41-89),T2 (43-92),T2 (41-80),T2 (41-81),T3 (81-120),Q3 (71-105),Q3 (71-105),Q3 (71-105),Q3 (72-106),No Rank,No Rank,No Rank,No Rank,No Rank
199607,124,136,140,132,131,117,122,136,148,156,No Rank,No Rank,166,No Rank,No Rank,T3 (126-184),T3 (111-162),T3 (111-164),T3 (111-162),T3 (111-161),T3 (113-161),No Rank,T4 (121-162),T4 (122-161),T4 (123-162),T4 (128-158),T4 (121-160),T4 (122-161),T4 (121-160),Q4 (106-140),Q4 (106-140),Q4 (106-140),Q4 (107-141),No Rank,No Rank,No Rank,No Rank,No Rank
216807,124,117,120,114,120,?,?,125,116,115,124,121,119,122,122,T3 (126-184),T3 (111-162),T3 (111-164),T3 (111-162),T3 (111-161),T2 (53-112),No Rank,T3 (81-120),T3 (81-121),T4 (123-162),T4 (128-158),T4 (121-160),T4 (122-161),T4 (121-160),No Rank,No Rank,No Rank,No Rank,No Rank,No Rank,No Rank,No Rank,No Rank
125727,124,114,113,117,108,96,99,93,96,94,90,90,99,92,111,106,104,104,T3 (111-162),97,T3 (113-161),No Rank,T3 (81-120),T4 (122-161),T4 (123-162),T4 (128-158),T4 (121-160),T3 (82-121),T3 (81-120),Q4 (106-140),Q4 (106-140),Q4 (106-140),Q4 (107-141),No Rank,No Rank,No Rank,No Rank,No Rank
133492,130,128,136,140,135,128,122,127,124,141,138,144,137,No Rank,No Rank,T3 (126-184),T3 (111-162),T3 (111-164),T3 (111-162),T3 (111-161),T3 (113-161),No Rank,T4 (121-162),T3 (81-121),T3 (90-122),T3 (93-127),T3 (81-120),T3 (82-121),T3 (81-120),Q3 (71-105),Q3 (71-105),Q3 (71-105),Q3 (72-106),No Rank,No Rank,No Rank,No Rank,No Rank
191676,130,124,127,124,143,147,144,136,139,141,140,133,137,No Rank,No Rank,T3 (126-184),T3 (111-162),T3 (111-164),T3 (111-162),T3 (111-161),T3 (113-161),No Rank,T4 (121-162),T3 (81-121),T4 (123-162),T4 (128-158),T4 (121-160),T4 (122-161),T4 (121-160),Q4 (106-140),Q4 (106-140),Q4 (106-140),Q4 (107-141),No Rank,No Rank,No Rank,No Rank,No Rank
145691,130,146,140,136,143,138,128,136,155,156,156,133,158,No Rank,No Rank,T3 (126-184),No Rank,No Rank,No Rank,No Rank,No Rank,No Rank,T4 (121-162),T4 (122-161),T4 (123-162),T4 (128-158),T4 (121-160),T4 (122-161),T4 (121-160),No Rank,No Rank,No Rank,No Rank,No Rank,No Rank,No Rank,No Rank,No Rank
198950,130,136,136,148,162,163,154,No Rank,No Rank,No Rank,No Rank,No Rank,180,No Rank,No Rank,T3 (126-184),No Rank,No Rank,No Rank,No Rank,No Rank,No Rank,No Rank,No Rank,No Rank,No Rank,No Rank,No Rank,No Rank,No Rank,No Rank,No Rank,No Rank,No Rank,No Rank,No Rank,No Rank,No Rank
147341,130,126,127,124,135,147,159,167,165,165,172,162,174,No Rank,No Rank,T3 (126-184),T3 (111-162),T3 (111-164),T3 (111-162),T3 (111-161),T3 (113-161),No Rank,T4 (121-162),T4 (122-161),T4 (123-162),T4 (128-158),T4 (121-160),T4 (122-161),T4 (121-160),No Rank,No Rank,No Rank,No Rank,No Rank,No Rank,No Rank,No Rank,No Rank
168546,136,128,130,140,152,128,122,100,99,100,112,102,111,97,104,116,91,84,83,85,T2 (53-112),No Rank,T3 (81-120),T3 (81-121),T3 (90-122),T3 (93-127),T3 (81-120),T2 (41-81),T2 (41-80),Q3 (71-105),Q3 (71-105),Q3 (71-105),Q3 (72-106),No Rank,No Rank,No Rank,No Rank,No Rank
175980,136,114,113,124,108,87,90,93,89,82,90,85,93,89,84,87,82,81,89,91,T2 (53-112),No Rank,T2 (52-80),T2 (43-80),T2 (41-89),T2 (43-92),T3 (81-120),T3 (82-121),T3 (81-120),Q3 (71-105),Q3 (71-105),Q3 (71-105),Q3 (72-106),No Rank,No Rank,No Rank,No Rank,No Rank
239628,136,128,120,105,120,117,113,116,113,120,124,116,105,122,No Rank,T3 (126-184),T3 (111-162),T3 (111-164),T3 (111-162),T3 (111-161),T3 (113-161),No Rank,T3 (81-120),T3 (81-121),T3 (90-122),T2 (43-92),T3 (81-120),T3 (82-121),T3 (81-120),Q3 (71-105),Q3 (71-105),Q3 (71-105),Q3 (72-106),No Rank,No Rank,No Rank,No Rank,No Rank
174251,136,141,140,148,155,141,140,136,139,154,161,144,152,No Rank,No Rank,T3 (126-184),T3 (111-162),T3 (111-164),T3 (111-162),T3 (111-161),T3 (113-161),No Rank,T4 (121-162),T4 (122-161),T4 (123-162),T4 (128-158),T4 (121-160),T4 (122-161),T3 (81-120),No Rank,No Rank,No Rank,No Rank,No Rank,No Rank,No Rank,No Rank,No Rank
199111,136,146,140,148,143,141,159,148,159,146,156,165,158,No Rank,No Rank,T3 (126-184),T3 (111-162),T3 (111-164),T3 (111-162),T3 (111-161),T3 (113-161),No Rank,No Rank,No Rank,No Rank,No Rank,T4 (121-160),T4 (122-161),T4 (121-160),No Rank,No Rank,No Rank,No Rank,No Rank,No Rank,No Rank,No Rank,No Rank
153144,142,136,130,130,124,123,119,116,120,120,112,102,101,97,98,106,95,T3 (111-164),105,T3 (111-161),T2 (53-112),No Rank,T3 (81-120),T3 (81-121),T4 (123-162),T3 (93-127),T3 (81-120),T3 (82-121),T3 (81-120),Q3 (71-105),Q3 (71-105),Q3 (71-105),Q3 (72-106),No Rank,No Rank,No Rank,No Rank,No Rank
150604,142,146,136,145,143,147,168,No Rank,No Rank,No Rank,No Rank,No Rank,No Rank,No Rank,No Rank,No Rank,No Rank,No Rank,No Rank,No Rank,No Rank,No Rank,T4 (121-162),T4 (122-161),T4 (123-162),T4 (128-158),T4 (121-160),T4 (122-161),T4 (121-160),No Rank,No Rank,No Rank,No Rank,No Rank,No Rank,No Rank,No Rank,No Rank
191533,142,146,149,160,T2 (173-229),165,159,164,165,161,164,171,174,No Rank,No Rank,T3 (126-184),T3 (111-162),T3 (111-164),T3 (111-162),T4 (162-214),T3 (113-161),No Rank,T4 (121-162),T4 (122-161),T4 (123-162),T3 (93-127),T3 (81-120),T4 (122-161),T4 (121-160),Q4 (106-140),Q4 (106-140),Q4 (106-140),Q4 (107-141),No Rank,No Rank,No Rank,No Rank,No Rank
153108,145,136,140,160,141,128,132,136,139,134,151,144,144,122,122,T3 (126-184),No Rank,No Rank,No Rank,No Rank,No Rank,No Rank,T4 (121-162),T4 (122-161),T4 (123-162),T3 (93-127),T4 (121-160),T4 (122-161),T4 (121-160),No Rank,No Rank,No Rank,No Rank,No Rank,No Rank,No Rank,No Rank,No Rank
173300,145,141,130,132,127,117,115,120,129,138,133,139,137,No Rank,No Rank,T3 (126-184),T3 (111-162),T3 (111-164),T3 (111-162),T3 (111-161),T3 (113-161),No Rank,T4 (121-162),T4 (122-161),T4 (123-162),T4 (128-158),T4 (121-160),T4 (122-161),T4 (121-160),No Rank,No Rank,No Rank,No Rank,No Rank,No Rank,No Rank,No Rank,No Rank
139393,147,146,140,148,168,168,159,No Rank,No Rank,No Rank,No Rank,No Rank,No Rank,No Rank,No Rank,No Rank,No Rank,No Rank,No Rank,No Rank,No Rank,No Rank,No Rank,No Rank,No Rank,No Rank,No Rank,No Rank,No Rank,No Rank,No Rank,No Rank,No Rank,No Rank,No Rank,No Rank,No Rank,No Rank
206525,147,155,153,160,168,158,154,148,139,123,121,121,114,118,No Rank,118,T3 (111-162),T3 (111-164),105,97,T2 (53-112),No Rank,T3 (81-120),No Rank,T3 (90-122),T2 (43-92),T3 (81-120),T2 (41-81),T2 (41-80),No Rank,No Rank,No Rank,No Rank,No Rank,No Rank,No Rank,No Rank,No Rank
165936,151,158,155,T2 (164-215),162,168,171,158,139,138,130,144,131,No Rank,No Rank,T3 (126-184),T3 (111-162),T3 (111-164),T3 (111-162),T3 (111-161),T3 (113-161),No Rank,T4 (121-162),T4 (122-161),T4 (123-162),T4 (128-158),T4 (121-160),T4 (122-161),T4 (121-160),Q4 (106-140),Q4 (106-140),Q4 (106-140),Q4 (107-141),No Rank,No Rank,No Rank,No Rank,No Rank
158477,T2 (156-201),164,155,157,168,147,146,148,148,167,170,171,No Rank,No Rank,No Rank,T3 (126-184),No Rank,No Rank,No Rank,No Rank,No Rank,No Rank,No Rank,No Rank,No Rank,No Rank,No Rank,No Rank,No Rank,Q4 (106-140),Q4 (106-140),Q4 (106-140),Q4 (107-141),No Rank,No Rank,No Rank,No Rank,No Rank
156745,T2 (156-201),T2 (168-222),T2 (171-221),157,T2 (173-229),147,168,154,155,146,151,151,162,No Rank,No Rank,T3 (126-184),T3 (111-162),T3 (111-164),T3 (111-162),T3 (111-161),T3 (113-161),No Rank,T4 (121-162),T4 (122-161),T4 (123-162),T4 (128-158),T4 (121-160),T4 (122-161),No Rank,No Rank,No Rank,No Rank,No Rank,No Rank,No Rank,No Rank,No Rank,No Rank
198613,T2 (156-201),T2 (168-222),155,154,168,160,146,158,172,173,167,157,166,No Rank,No Rank,T3 (126-184),T4 (163-213),T3 (111-164),T3 (111-162),T3 (111-161),T3 (113-161),No Rank,T3 (81-120),T3 (81-121),T3 (90-122),T3 (93-127),T3 (81-120),T4 (122-161),T4 (121-160),Q4 (106-140),Q4 (106-140),Q4 (106-140),Q3 (72-106),No Rank,No Rank,No Rank,No Rank,No Rank
154350,T2 (156-201),146,149,136,135,147,149,143,139,154,145,151,144,No Rank,No Rank,T3 (126-184),No Rank,No Rank,No Rank,No Rank,No Rank,No Rank,No Rank,No Rank,No Rank,No Rank,No Rank,No Rank,No Rank,No Rank,No Rank,No Rank,No Rank,No Rank,No Rank,No Rank,No Rank,No Rank
233718,T2 (156-201),165,162,154,127,134,140,No Rank,116,110,100,99,101,77,84,83,74,71,68,63,T2 (53-112),No Rank,T2 (52-80),T2 (43-80),T2 (41-89),T2 (43-92),T2 (41-80),T3 (82-121),T2 (41-80),Q3 (71-105),Q2 (36-70),Q2 (36-70),Q2 (37-71),No Rank,No Rank,No Rank,No Rank,No Rank
199865,T2 (156-201),T2 (168-222),162,160,143,160,159,164,165,167,175,162,183,No Rank,No Rank,T3 (126-184),No Rank,No Rank,No Rank,No Rank,No Rank,No Rank,No Rank,No Rank,No Rank,No Rank,No Rank,No Rank,No Rank,No Rank,No Rank,No Rank,No Rank,No Rank,No Rank,No Rank,No Rank,No Rank
154527,T2 (156-201),165,162,148,143,128,132,143,159,146,151,151,152,No Rank,No Rank,T3 (126-184),No Rank,No Rank,No Rank,No Rank,No Rank,No Rank,T4 (121-162),T4 (122-161),T4 (123-162),T4 (128-158),T4 (121-160),T4 (122-161),T4 (121-160),Q4 (106-140),Q4 (106-140),Q4 (106-140),Q4 (107-141),No Rank,No Rank,No Rank,No Rank,No Rank
197230,T2 (156-201),146,136,124,T2 (173-229),168,174,136,148,141,133,127,144,No Rank,No Rank,122,T3 (111-162),94,105,106,T2 (53-112),No Rank,T3 (81-120),T3 (81-121),T2 (41-89),T2 (43-92),T3 (81-120),T3 (82-121),T3 (81-120),Q2 (36-70),Q2 (36-70),Q3 (71-105),Q2 (37-71),No Rank,No Rank,No Rank,No Rank,No Rank
179946,T2 (156-201),158,155,157,155,147,?,148,159,?,?,?,166,No Rank,No Rank,T3 (126-184),T3 (111-162),T3 (111-164),T3 (111-162),T3 (111-161),T3 (113-161),No Rank,T4 (121-162),T4 (122-161),T4 (123-162),T4 (128-158),T4 (121-160),T4 (122-161),T4 (121-160),No Rank,No Rank,No Rank,No Rank,No Rank,No Rank,No Rank,No Rank,No Rank
